app,scenario,frame,build_ms,raster_ms,shade_ms,gpu_ms,total_ms
0,0,4,0.6519,0.2255,5.0882,4.4729,5.9657
0,0,5,0.7825,0.4030,5.0760,4.3571,6.2618
0,0,6,0.6902,0.3469,5.3717,4.7117,6.4088
0,0,7,0.6115,0.2653,6.7112,6.4763,7.5880
0,0,8,0.6089,0.2695,4.1250,3.7925,5.0033
0,0,9,0.5664,0.2243,4.0537,3.1986,4.8445
0,0,10,0.5574,0.2160,3.9886,3.3595,4.7620
0,0,11,0.7032,0.4407,3.8379,3.1610,4.9818
0,0,12,0.6069,0.2693,3.8703,3.2618,4.7466
0,0,13,0.5642,0.2163,4.7509,4.1025,5.5314
0,0,14,0.5750,0.2283,3.5421,3.3116,4.3454
0,0,15,0.5470,0.2054,3.7995,3.1551,4.5520
0,0,16,0.5468,0.2034,3.3078,2.9329,4.0580
0,0,17,0.5528,0.2030,3.6831,2.9823,4.4389
0,0,18,0.6859,0.2706,3.7314,3.0910,4.6880
0,0,19,0.6199,0.2640,3.8388,3.2281,4.7226
0,0,20,0.5852,0.2253,3.7391,3.1070,4.5495
0,0,21,0.5791,0.2403,4.1138,3.8687,4.9331
0,0,22,0.5594,0.1539,3.7899,3.0522,4.5032
0,0,23,0.5421,0.0320,2.2467,2.0939,2.8209
0,1,4,0.6225,0.9518,2.0310,1.3939,3.6053
0,1,5,0.5807,0.8865,2.0877,1.4334,3.5550
0,1,6,0.6043,1.0110,2.0586,1.7041,3.6738
0,1,7,0.6051,0.9487,2.0702,1.3954,3.6241
0,1,8,0.5742,0.8854,2.0440,1.4251,3.5036
0,1,9,0.5669,0.8971,2.0068,1.3669,3.4708
0,1,10,0.5556,0.8898,1.9975,1.3546,3.4430
0,1,11,0.5706,0.9198,1.9859,1.3514,3.4764
0,1,12,0.5486,0.8903,2.0560,1.3762,3.4949
0,1,13,0.6015,0.9505,1.8315,1.3272,3.3835
0,1,14,0.5718,0.8963,2.0283,1.3856,3.4964
0,1,15,0.5813,0.8829,2.0203,1.3997,3.4845
0,1,16,0.5783,0.9408,1.9820,1.7354,3.5012
0,1,17,0.5897,0.9217,2.0028,1.3554,3.5142
0,1,18,0.5598,0.8852,1.5910,1.3492,3.0359
0,1,19,0.5606,0.8700,1.9995,1.3541,3.4302
0,1,20,0.5884,0.1573,2.0256,1.3534,2.7713
0,1,21,0.5526,0.1542,2.0645,1.3500,2.7713
0,1,22,0.5443,0.1467,2.0703,1.3513,2.7613
0,1,23,0.5452,0.1480,2.2255,1.4388,2.9188
0,2,4,0.5442,0.1500,3.1617,2.4131,3.8559
0,2,5,0.5387,0.1454,2.6967,2.4235,3.3808
0,2,6,0.5481,0.1519,3.0692,2.4380,3.7691
0,2,7,0.6349,0.1770,3.0806,2.4320,3.8926
0,2,8,0.5478,0.1449,3.2585,2.4465,3.9514
0,2,9,0.7224,0.2434,3.1277,2.4220,4.0935
0,2,10,0.5897,0.1715,3.1763,2.4839,3.9375
0,2,11,0.5435,0.1490,3.8311,3.1225,4.5237
0,2,12,0.5502,0.1554,2.8625,2.6249,3.5682
0,2,13,0.5345,0.1429,2.7022,2.4152,3.3795
0,2,14,0.5365,0.1435,2.6640,2.4042,3.3440
0,2,15,0.5321,0.1391,2.8774,2.4062,3.5486
0,2,16,0.5317,0.1379,2.6872,2.4081,3.3569
0,2,17,0.5392,0.1421,2.6801,2.4064,3.3615
0,2,18,0.5344,0.1429,2.7595,2.4537,3.4369
0,2,19,0.5918,0.1745,3.1236,2.4598,3.8898
0,2,20,0.5476,0.1482,3.2217,2.4430,3.9176
0,2,21,0.5392,0.1419,3.2727,3.0314,3.9538
0,2,22,0.5380,0.1406,2.9972,2.7595,3.6759
0,2,23,0.5360,0.1377,2.6697,2.4119,3.3434
0,3,4,0.5479,0.1495,3.3397,3.1241,4.0371
0,3,5,0.5342,0.1412,4.3213,4.0612,4.9969
0,3,6,0.5361,0.1454,3.2598,3.0253,3.9413
0,3,7,0.5294,0.1380,3.3060,3.0521,3.9735
0,3,8,0.5307,0.1358,3.4514,3.0494,4.1179
0,3,9,0.5260,0.1393,3.3588,3.0475,4.0240
0,3,10,0.5246,0.1354,3.3574,3.0676,4.0175
0,3,11,0.5978,0.1947,3.8732,3.1563,4.6658
0,3,12,0.6003,0.1817,3.3718,3.0864,4.1539
0,3,13,0.5509,0.1561,3.8327,3.1223,4.5397
0,3,14,0.5463,0.1487,4.2819,4.0303,4.9769
0,3,15,0.5332,0.1422,3.5355,3.2848,4.2110
0,3,16,0.5297,0.1378,3.2905,3.0621,3.9580
0,3,17,0.5263,0.1364,3.3352,3.1196,3.9980
0,3,18,0.5288,0.1362,3.4128,3.0961,4.0780
0,3,19,0.8214,0.2633,3.8000,3.1114,4.8847
0,3,20,0.6240,0.1791,3.7170,3.0784,4.5202
0,3,21,0.5828,0.1756,3.9250,3.2527,4.6835
0,3,22,0.6042,0.1848,4.3370,4.1185,5.1261
0,3,23,0.6200,0.0365,2.2862,2.0401,2.9426
0,4,4,0.5609,0.2423,2.9423,2.2896,3.7456
0,4,5,0.5589,0.2495,3.0343,2.3486,3.8427
0,4,6,0.7945,0.3817,3.6966,3.2051,4.8729
0,4,7,0.6147,0.2960,2.9747,2.4032,3.8855
0,4,8,0.5699,0.2389,2.6881,2.4422,3.4969
0,4,9,0.6320,0.1820,3.1672,2.4357,3.9813
0,4,10,0.5743,0.2405,3.7056,3.0716,4.5203
0,4,11,0.7720,0.2823,3.5912,3.3076,4.6455
0,4,12,0.7332,0.3715,2.7919,2.5079,3.8966
0,4,13,0.8086,0.3825,3.3127,2.6140,4.5038
0,4,14,0.6078,0.2518,3.4560,3.2222,4.3155
0,4,15,0.5706,0.2128,3.2151,2.5424,3.9986
0,4,16,0.5511,0.2163,3.1341,2.5076,3.9015
0,4,17,0.5461,0.2122,3.2854,2.5468,4.0437
0,4,18,0.5522,0.1517,3.3170,2.5709,4.0209
0,4,19,0.5779,0.0345,1.6621,1.4540,2.2745
0,4,20,0.5613,0.0352,1.6718,1.4697,2.2683
0,4,21,0.5518,0.1725,1.9791,1.6992,2.7034
0,4,22,0.6836,0.1941,2.7220,2.0634,3.5997
0,4,23,0.5537,0.1560,2.9180,2.1718,3.6277
0,5,4,0.5497,0.2368,3.0829,2.4246,3.8694
0,5,5,0.5565,0.1945,3.1267,2.4263,3.8779
0,5,6,0.5352,0.1787,3.2366,2.4575,3.9505
0,5,7,0.6469,0.2658,3.1316,2.4763,4.0443
0,5,8,0.5497,0.2001,3.1600,2.4374,3.9098
0,5,9,0.5871,0.2391,3.7441,3.0992,4.5704
0,5,10,0.5607,0.1625,2.6992,2.4606,3.4224
0,5,11,0.5571,0.2213,3.1253,2.4328,3.9037
0,5,12,0.5403,0.2003,2.9791,2.4412,3.7197
0,5,13,0.5442,0.2287,3.1352,2.4421,3.9082
0,5,14,0.5422,0.2103,3.1870,2.4406,3.9396
0,5,15,0.5844,0.2736,3.1675,2.4781,4.0255
0,5,16,0.7148,0.3942,3.0338,2.4463,4.1428
0,5,17,0.5935,0.2667,3.1377,2.4759,3.9980
0,5,18,0.5538,0.2135,3.4049,2.7341,4.1722
0,5,19,0.5541,0.2290,3.1503,2.9468,3.9334
0,5,20,0.5379,0.1459,2.9042,2.6274,3.5880
0,5,21,0.5631,0.1563,3.1286,2.4140,3.8480
0,5,22,0.5553,0.1703,3.1490,2.4276,3.8747
0,5,23,0.5389,0.1451,3.1818,2.4239,3.8659
0,6,4,3.5747,0.2102,6.6239,2.8361,10.4090
0,6,5,1.4824,0.1558,8.3515,2.6539,9.9896
0,6,6,1.2625,0.1920,8.5539,2.8112,10.0085
0,6,7,1.4371,0.1640,8.5998,3.3051,10.2010
0,6,8,2.9443,0.1895,6.8855,3.2204,10.0195
0,6,9,1.3998,0.1431,7.4865,3.5301,9.0294
0,6,10,1.5551,0.2213,9.1971,3.9648,10.9735
0,6,11,1.5231,0.1723,8.6480,4.8262,10.3434
0,6,12,3.0426,0.2018,7.3594,4.7282,10.6040
0,6,13,1.8963,0.1889,7.8201,5.1412,9.9054
0,6,14,1.5400,0.2050,8.3043,7.5540,10.0496
0,6,15,1.5050,0.1703,7.2412,4.0796,8.9167
0,6,16,3.3333,0.2117,4.9451,4.2095,8.4900
0,6,17,1.4711,0.1618,8.7515,3.8519,10.3845
0,6,18,1.2765,0.1980,6.0001,5.7064,7.4745
0,6,19,1.5687,0.1640,10.7285,4.1341,12.4615
0,6,20,3.2372,0.2262,8.6069,5.0614,12.0703
0,6,21,1.6685,0.1609,5.5011,5.2003,7.3305
0,6,22,1.2415,0.1707,4.7056,4.0784,6.1179
0,6,23,1.4930,0.1626,6.6986,3.7285,8.3543
1,0,4,0.2159,0.1383,3.5707,2.9137,3.9249
1,0,5,0.1745,0.1130,3.2619,3.0320,3.5494
1,0,6,0.1722,0.1115,2.9543,2.6998,3.2383
1,0,7,0.2755,0.1551,2.9761,2.6844,3.4068
1,0,8,0.2304,0.1349,2.9531,2.6946,3.3185
1,0,9,0.2091,0.1290,2.9892,2.6542,3.3274
1,0,10,0.2604,0.1499,2.9585,2.6780,3.3689
1,0,11,0.1909,0.1194,2.6552,2.3986,2.9655
1,0,12,0.1656,0.1068,3.3016,3.0452,3.5740
1,0,13,0.1724,0.1098,3.2152,3.0104,3.4975
1,0,14,0.1625,0.1053,2.6381,2.4034,2.9060
1,0,15,0.1509,0.0985,2.5891,2.3760,2.8386
1,0,16,0.1427,0.0936,2.7820,2.3743,3.0183
1,0,17,0.1567,0.1016,2.6771,2.4142,2.9356
1,0,18,0.2726,0.1633,2.7835,2.4655,3.2194
1,0,19,0.2259,0.1453,2.8228,2.5293,3.1941
1,0,20,0.1707,0.1153,2.7640,2.5230,3.0500
1,0,21,0.1577,0.1003,3.5265,3.3196,3.7845
1,0,22,0.1610,0.1040,3.3403,3.1371,3.6053
1,0,23,0.1631,0.0177,1.9038,1.7232,2.0847
1,1,4,0.1365,0.0943,1.4292,1.1997,1.6601
1,1,5,0.1353,0.0942,1.4145,1.1988,1.6440
1,1,6,0.1390,0.0992,1.4644,1.2041,1.7028
1,1,7,0.2118,0.1439,1.4953,1.2253,1.8510
1,1,8,0.2687,0.1607,1.5417,1.2471,1.9711
1,1,9,0.1498,0.1022,1.4271,1.2086,1.6792
1,1,10,0.1370,0.0950,1.4122,1.2032,1.6442
1,1,11,0.1346,0.0943,1.4166,1.2126,1.6455
1,1,12,0.1459,0.0965,1.4252,1.2165,1.6676
1,1,13,0.1637,0.1085,1.4258,1.2075,1.6980
1,1,14,0.1478,0.1033,1.4854,1.3059,1.7365
1,1,15,0.1410,0.0985,2.1812,1.9769,2.4207
1,1,16,0.1380,0.1002,1.4060,1.2227,1.6442
1,1,17,0.1364,0.0966,1.3987,1.2030,1.6317
1,1,18,0.1361,0.0953,1.3869,1.2000,1.6183
1,1,19,0.1350,0.0962,1.6095,1.2047,1.8407
1,1,20,0.1349,0.0922,1.4061,1.1979,1.6332
1,1,21,0.1338,0.0918,1.4018,1.2008,1.6274
1,1,22,0.1338,0.0927,1.3866,1.2019,1.6130
1,1,23,0.1337,0.0918,1.4737,1.2980,1.6992
1,2,4,0.2116,0.1306,1.9816,1.7077,2.3238
1,2,5,0.1608,0.1141,1.9788,1.7291,2.2537
1,2,6,0.1331,0.1001,1.9617,1.7577,2.1950
1,2,7,0.1270,0.0960,1.9457,1.7220,2.1687
1,2,8,0.1277,0.0958,3.0012,2.8045,3.2248
1,2,9,0.1305,0.0940,1.9787,1.7734,2.2032
1,2,10,0.1238,0.0930,1.9249,1.6999,2.1418
1,2,11,0.1221,0.0919,1.9152,1.7005,2.1292
1,2,12,0.1322,0.0937,1.9215,1.7073,2.1474
1,2,13,0.1206,0.0903,2.0551,1.7171,2.2661
1,2,14,0.2306,0.1489,1.9511,1.7096,2.3306
1,2,15,0.1448,0.1023,1.9569,1.7031,2.2041
1,2,16,0.1192,0.0939,1.9475,1.7076,2.1605
1,2,17,0.1205,0.0931,1.9778,1.7309,2.1914
1,2,18,0.1845,0.1267,1.9719,1.7397,2.2833
1,2,19,0.1825,0.1226,1.9849,1.7244,2.2900
1,2,20,0.1414,0.1001,1.9713,1.7228,2.2128
1,2,21,0.1288,0.0938,2.1290,1.8435,2.3517
1,2,22,0.1212,0.0925,1.9093,1.7070,2.1230
1,2,23,0.1251,0.0929,2.7774,2.5649,2.9955
1,3,4,0.1183,0.0923,3.1893,2.9944,3.3999
1,3,5,0.1179,0.0923,3.2956,3.0555,3.5058
1,3,6,0.1948,0.1250,3.2642,2.9949,3.5840
1,3,7,0.1471,0.0985,3.2956,3.0738,3.5412
1,3,8,0.1278,0.0947,3.1975,2.9628,3.4200
1,3,9,0.1208,0.0920,4.3931,4.1270,4.6058
1,3,10,0.1241,0.0926,3.1875,2.9658,3.4042
1,3,11,0.1317,0.0922,3.1786,2.9521,3.4025
1,3,12,0.1339,0.0933,3.3365,2.9470,3.5638
1,3,13,0.1180,0.0913,3.1810,2.9645,3.3903
1,3,14,0.1180,0.0905,3.1823,2.9659,3.3909
1,3,15,0.1190,0.0914,3.2416,3.0110,3.4520
1,3,16,0.1877,0.1261,3.2645,3.0134,3.5783
1,3,17,0.1428,0.0962,3.2569,3.0265,3.4959
1,3,18,0.1263,0.0928,3.4980,3.2745,3.7172
1,3,19,0.1219,0.0930,4.0465,3.8624,4.2614
1,3,20,0.1188,0.0922,3.2904,2.9881,3.5015
1,3,21,0.1308,0.0923,3.2705,3.0736,3.4937
1,3,22,0.1312,0.0915,3.2080,2.9716,3.4307
1,3,23,0.1287,0.0149,2.1580,1.9811,2.3015
1,4,4,0.1415,0.0977,2.3521,2.1092,2.5914
1,4,5,0.1391,0.0989,2.4134,2.1833,2.6515
1,4,6,0.1286,0.0937,2.6252,2.4283,2.8475
1,4,7,0.1208,0.0926,3.2846,3.0597,3.4981
1,4,8,0.1180,0.0935,2.4942,2.2623,2.7058
1,4,9,0.1304,0.0902,2.7049,2.5050,2.9255
1,4,10,0.1261,0.0923,2.5367,2.3131,2.7553
1,4,11,0.1185,0.0927,2.5391,2.3304,2.7503
1,4,12,0.1181,0.0957,2.5714,2.3567,2.7852
1,4,13,0.1199,0.0935,2.5609,2.3615,2.7743
1,4,14,0.1179,0.0927,2.6625,2.4397,2.8732
1,4,15,0.1877,0.1234,2.8156,2.4268,3.1267
1,4,16,0.1490,0.1009,2.7128,2.4760,2.9627
1,4,17,0.1383,0.0965,2.7274,2.4980,2.9622
1,4,18,0.1222,0.0939,3.6425,3.4305,3.8586
1,4,19,0.1224,0.0148,1.8321,1.6227,1.9694
1,4,20,0.1179,0.0151,1.7123,1.5302,1.8453
1,4,21,0.1247,0.0916,1.8346,1.6439,2.0509
1,4,22,0.1265,0.0938,2.0580,1.8410,2.2782
1,4,23,0.1196,0.0927,2.1727,1.9488,2.3850
1,5,4,0.1954,0.1330,2.5457,2.2801,2.8741
1,5,5,0.1462,0.0987,2.5529,2.2914,2.7978
1,5,6,0.1343,0.0967,2.5247,2.3056,2.7557
1,5,7,0.1320,0.0935,3.1726,2.9636,3.3982
1,5,8,0.1216,0.0953,2.8757,2.6851,3.0926
1,5,9,0.1190,0.0939,2.4859,2.2740,2.6989
1,5,10,0.1177,0.0907,2.4877,2.2765,2.6960
1,5,11,0.1177,0.0942,2.5037,2.2830,2.7155
1,5,12,0.1177,0.0925,2.6685,2.4605,2.8789
1,5,13,0.1178,0.0933,2.5097,2.2679,2.7208
1,5,14,0.1309,0.0931,2.5001,2.2831,2.7241
1,5,15,0.1176,0.0932,2.5162,2.2941,2.7270
1,5,16,0.1578,0.1092,2.5686,2.3258,2.8356
1,5,17,0.1926,0.1302,2.6418,2.3055,2.9646
1,5,18,0.1460,0.0993,2.5609,2.3193,2.8062
1,5,19,0.1279,0.0951,2.5135,2.2715,2.7365
1,5,20,0.1205,0.0934,3.2991,2.9999,3.5130
1,5,21,0.1204,0.0916,2.9775,2.7890,3.1895
1,5,22,0.1195,0.0927,2.5031,2.2860,2.7153
1,5,23,0.1182,0.0911,2.4986,2.2903,2.7079
1,6,4,2.5368,0.1498,3.1992,2.4727,5.8859
1,6,5,1.1374,0.0981,3.5184,2.9041,4.7539
1,6,6,0.9769,0.1326,2.5792,2.3392,3.6887
1,6,7,1.1093,0.1138,2.9872,2.3082,4.2103
1,6,8,2.4670,0.1501,3.2815,2.6039,5.8986
1,6,9,1.1270,0.1013,2.9631,2.3041,4.1915
1,6,10,1.5189,0.1775,3.0379,2.3605,4.7343
1,6,11,1.2537,0.1459,3.0280,2.3275,4.4277
1,6,12,2.5776,0.1678,2.7575,2.4620,5.5030
1,6,13,1.1423,0.1167,3.0704,2.7902,4.3295
1,6,14,0.9880,0.1390,2.9903,2.3558,4.1174
1,6,15,1.1178,0.1188,2.9528,2.3100,4.1895
1,6,16,2.5082,0.1508,3.0968,2.4465,5.7559
1,6,17,1.5378,0.1344,2.9796,2.2966,4.6520
1,6,18,1.1980,0.1860,3.1017,2.3862,4.4857
1,6,19,1.1319,0.1231,3.0581,2.3787,4.3132
1,6,20,2.5026,0.1659,3.9101,3.1980,6.5787
1,6,21,1.1344,0.1088,2.5216,2.2889,3.7648
1,6,22,0.9616,0.1403,3.1880,2.3662,4.2900
1,6,23,1.0893,0.1103,3.0227,2.3098,4.2224
2,0,4,0.1575,0.1291,3.6512,3.4247,3.9378
2,0,5,0.1561,0.1272,2.7428,2.3730,3.0261
2,0,6,0.1561,0.1257,2.5743,2.3384,2.8562
2,0,7,0.1535,0.1254,2.5912,2.3160,2.8701
2,0,8,0.1530,0.1267,2.6965,2.4808,2.9762
2,0,9,0.1535,0.1251,2.5225,2.2889,2.8010
2,0,10,0.1628,0.1265,2.5037,2.2811,2.7930
2,0,11,0.1541,0.1249,2.5657,2.3205,2.8447
2,0,12,0.2194,0.1610,2.5970,2.3405,2.9775
2,0,13,0.2500,0.1778,2.6430,2.3625,3.0709
2,0,14,0.1685,0.1335,2.6323,2.4022,2.9342
2,0,15,0.1565,0.1250,2.6320,2.3840,2.9135
2,0,16,0.1611,0.1275,3.2845,2.9813,3.5731
2,0,17,0.1537,0.1268,3.0585,2.8747,3.3390
2,0,18,0.1530,0.1276,2.7590,2.5030,3.0396
2,0,19,0.1523,0.1251,2.9297,2.7121,3.2071
2,0,20,0.1527,0.1243,2.8080,2.5790,3.0849
2,0,21,0.1628,0.1267,2.8767,2.6400,3.1662
2,0,22,0.1557,0.1247,2.9646,2.7111,3.2450
2,0,23,0.2063,0.0276,1.9753,1.7671,2.2092
2,1,4,0.1542,0.1311,1.8792,1.6900,2.1645
2,1,5,0.1530,0.1280,1.6850,1.4381,1.9660
2,1,6,0.1581,0.1282,1.4963,1.2566,1.7827
2,1,7,0.1535,0.1316,1.4707,1.2392,1.7558
2,1,8,0.1632,0.1280,1.4481,1.2299,1.7393
2,1,9,0.1521,0.1300,1.4566,1.2436,1.7387
2,1,10,0.1530,0.1290,1.5895,1.3869,1.8716
2,1,11,0.1527,0.1298,1.4692,1.2434,1.7518
2,1,12,0.1534,0.1284,1.4817,1.2309,1.7635
2,1,13,0.1520,0.1301,1.4530,1.2337,1.7350
2,1,14,0.1521,0.1301,1.4884,1.2411,1.7706
2,1,15,0.1523,0.1295,1.4834,1.2372,1.7652
2,1,16,0.1587,0.1292,1.4565,1.2431,1.7444
2,1,17,0.1956,0.1553,1.5092,1.2667,1.8601
2,1,18,0.2362,0.1796,1.5154,1.2508,1.9313
2,1,19,0.1701,0.1363,1.4819,1.2715,1.7882
2,1,20,0.1549,0.1309,1.4771,1.2470,1.7629
2,1,21,0.1533,0.1287,1.4742,1.2473,1.7562
2,1,22,0.1526,0.1286,1.4765,1.2513,1.7577
2,1,23,0.1523,0.1285,1.9032,1.6886,2.1840
2,2,4,0.1648,0.1279,2.3780,2.1392,2.6708
2,2,5,0.1571,0.1228,2.3662,2.1377,2.6461
2,2,6,0.1636,0.1239,2.3507,2.1266,2.6382
2,2,7,0.1539,0.1273,2.3875,2.1575,2.6688
2,2,8,0.2415,0.1747,2.5708,2.1821,2.9870
2,2,9,0.2358,0.1709,2.3913,2.1377,2.7980
2,2,10,0.1680,0.1370,2.4078,2.1588,2.7128
2,2,11,0.1589,0.1307,2.3833,2.1483,2.6730
2,2,12,0.1559,0.1309,2.3887,2.1516,2.6755
2,2,13,0.1953,0.1269,2.3759,2.1532,2.6981
2,2,14,0.1784,0.1211,2.3655,2.1423,2.6650
2,2,15,0.1640,0.1136,3.3635,3.1632,3.6413
2,2,16,0.1643,0.1148,2.4738,2.1461,2.7530
2,2,17,0.1624,0.1142,2.3996,2.1519,2.6762
2,2,18,0.1701,0.1268,2.4293,2.1318,2.7262
2,2,19,0.1975,0.1509,2.3997,2.1418,2.7481
2,2,20,0.1817,0.1416,2.4223,2.1607,2.7457
2,2,21,0.2743,0.1789,2.4148,2.1324,2.8680
2,2,22,0.1837,0.1376,2.3856,2.1397,2.7070
2,2,23,0.1692,0.1342,2.4080,2.1950,2.7114
2,3,4,0.1606,0.1228,3.2088,2.9249,3.4923
2,3,5,0.1528,0.1245,3.4388,2.9256,3.7161
2,3,6,0.1524,0.1287,3.2145,2.9491,3.4960
2,3,7,0.3931,0.2205,3.2280,2.9058,3.8416
2,3,8,0.2213,0.1578,3.2182,2.9363,3.5972
2,3,9,0.1658,0.1292,3.2990,2.9322,3.5940
2,3,10,0.1553,0.1286,4.2188,3.9988,4.5028
2,3,11,0.1546,0.1272,3.1316,2.8852,3.4134
2,3,12,0.1545,0.1248,3.1330,2.8987,3.4123
2,3,13,0.1521,0.1250,3.2900,3.0685,3.5672
2,3,14,0.1521,0.1252,3.1283,2.8934,3.4057
2,3,15,0.1626,0.1270,3.1490,2.9041,3.4386
2,3,16,0.1560,0.1265,3.2587,3.0084,3.5415
2,3,17,0.2817,0.1799,3.2662,2.9680,3.7279
2,3,18,0.2370,0.1681,3.3551,2.9293,3.7602
2,3,19,0.1646,0.1360,3.2328,3.0035,3.5334
2,3,20,0.1587,0.1281,4.1253,3.8673,4.4120
2,3,21,0.1543,0.1263,3.1949,2.9290,3.4755
2,3,22,0.1624,0.1257,3.3155,3.1022,3.6036
2,3,23,0.1519,0.0199,2.1159,1.9200,2.2877
2,4,4,0.2492,0.1767,2.5132,2.1799,2.9391
2,4,5,0.1668,0.1332,2.5199,2.2287,2.8200
2,4,6,0.1556,0.1291,2.5154,2.2754,2.8001
2,4,7,0.1555,0.1272,2.5627,2.3394,2.8455
2,4,8,0.1533,0.1269,3.5141,3.3470,3.7943
2,4,9,0.1593,0.1245,2.5879,2.3749,2.8717
2,4,10,0.1525,0.1248,2.8135,2.5967,3.0908
2,4,11,0.1522,0.1252,2.6202,2.3943,2.8976
2,4,12,0.1530,0.1248,2.6596,2.4321,2.9373
2,4,13,0.1524,0.1234,2.6854,2.4537,2.9612
2,4,14,0.1527,0.1261,2.7129,2.4873,2.9917
2,4,15,0.1538,0.1229,2.8369,2.5395,3.1136
2,4,16,0.1527,0.1259,2.7626,2.5480,3.0414
2,4,17,0.3308,0.1913,2.9078,2.5757,3.4299
2,4,18,0.2043,0.1480,2.8255,2.5720,3.1779
2,4,19,0.2320,0.0259,1.7283,1.5381,1.9862
2,4,20,0.1801,0.0236,1.7889,1.6508,1.9926
2,4,21,0.1718,0.1307,2.5087,2.3111,2.8113
2,4,22,0.1705,0.1220,2.0823,1.8956,2.3749
2,4,23,0.1667,0.1150,2.3157,2.0148,2.5975
2,5,4,0.3705,0.2257,2.7692,2.4091,3.3656
2,5,5,0.2595,0.1704,2.6359,2.3593,3.0658
2,5,6,0.1784,0.1330,2.6100,2.3821,2.9215
2,5,7,0.1811,0.1181,2.5848,2.3429,2.8840
2,5,8,0.1655,0.1168,3.4803,3.2854,3.7627
2,5,9,0.1674,0.1167,2.5947,2.3434,2.8788
2,5,10,0.1651,0.1121,2.5789,2.3495,2.8562
2,5,11,0.1613,0.1123,2.5608,2.3418,2.8345
2,5,12,0.1562,0.1120,2.7358,2.5173,3.0040
2,5,13,0.1610,0.1124,2.5741,2.3382,2.8475
2,5,14,0.1775,0.1193,2.5747,2.3504,2.8715
2,5,15,0.1678,0.1152,2.6609,2.3801,2.9441
2,5,16,0.2410,0.1655,2.6492,2.3728,3.0557
2,5,17,0.1737,0.1248,2.5974,2.3691,2.8960
2,5,18,0.1658,0.1168,2.5892,2.3458,2.8719
2,5,19,0.1640,0.1149,3.4244,3.2043,3.7033
2,5,20,0.1612,0.1143,2.8229,2.6241,3.0985
2,5,21,0.1620,0.1135,2.6558,2.3575,2.9313
2,5,22,0.1575,0.1119,2.5809,2.3386,2.8503
2,5,23,0.1596,0.1112,2.6316,2.4213,2.9024
2,6,4,2.6576,0.1783,3.0052,2.7207,5.8411
2,6,5,1.3831,0.1093,2.9933,2.2793,4.4858
2,6,6,1.0446,0.1233,3.0414,2.3361,4.2093
2,6,7,1.2868,0.1089,2.9868,2.3166,4.3825
2,6,8,2.7632,0.1420,3.1784,2.4836,6.0838
2,6,9,1.9477,0.1684,3.0307,2.3412,5.1468
2,6,10,1.1085,0.1412,3.0186,2.3479,4.2682
2,6,11,1.2339,0.1187,2.9750,2.3175,4.3276
2,6,12,2.6202,0.1609,3.4884,3.2780,6.2695
2,6,13,1.2784,0.0946,2.9473,2.2778,4.3202
2,6,14,1.0424,0.1225,3.1169,2.5045,4.2818
2,6,15,1.2062,0.0993,2.9591,2.3100,4.2647
2,6,16,3.0254,0.1986,3.1868,2.4798,6.4108
2,6,17,1.2722,0.1111,2.9695,2.2815,4.3529
2,6,18,1.0640,0.1405,3.4099,3.2253,4.6144
2,6,19,1.2265,0.1111,2.9726,2.3331,4.3103
2,6,20,2.6566,0.1434,3.1059,2.4440,5.9060
2,6,21,1.2240,0.0924,3.0348,2.4101,4.3512
2,6,22,1.0417,0.1390,2.9915,2.3500,4.1724
2,6,23,1.3802,0.2210,3.0762,2.3477,4.6776
3,0,4,0.1577,0.0906,2.6124,2.3810,2.8608
3,0,5,0.1578,0.0903,2.5552,2.3435,2.8033
3,0,6,0.1797,0.0900,2.5268,2.3166,2.7965
3,0,7,0.1485,0.0895,2.7048,2.5005,2.9429
3,0,8,0.1573,0.0892,2.5006,2.2880,2.7471
3,0,9,0.1528,0.0894,2.4833,2.2624,2.7255
3,0,10,0.1527,0.0890,2.7421,2.4787,2.9840
3,0,11,0.3467,0.1694,2.5786,2.2809,3.0947
3,0,12,0.1843,0.1052,2.4955,2.2517,2.7850
3,0,13,0.1613,0.0922,2.5194,2.2882,2.7730
3,0,14,0.1566,0.0897,2.5564,2.3191,2.8027
3,0,15,0.1557,0.0893,3.4996,3.2845,3.7447
3,0,16,0.1564,0.0895,2.8441,2.6505,3.0901
3,0,17,0.1528,0.0896,2.6714,2.4517,2.9138
3,0,18,0.1565,0.0893,2.8907,2.6894,3.1365
3,0,19,0.1555,0.0892,2.7581,2.5390,3.0028
3,0,20,0.1641,0.0893,2.8402,2.5960,3.0936
3,0,21,0.1523,0.0897,2.9610,2.7000,3.2031
3,0,22,0.2991,0.1505,3.0857,2.7904,3.5352
3,0,23,0.1797,0.0156,1.9830,1.8339,2.1784
3,1,4,0.1570,0.0925,1.7715,1.5373,2.0210
3,1,5,0.1539,0.1020,1.5788,1.2835,1.8347
3,1,6,0.1550,0.0919,1.5041,1.2767,1.7510
3,1,7,0.1554,0.0921,1.4674,1.2693,1.7150
3,1,8,0.1555,0.0923,1.6524,1.4554,1.9003
3,1,9,0.1566,0.0935,1.4898,1.2791,1.7400
3,1,10,0.1727,0.0976,1.5033,1.2715,1.7737
3,1,11,0.1524,0.0930,1.4708,1.2720,1.7162
3,1,12,0.1613,0.0962,1.4695,1.2757,1.7271
3,1,13,0.1552,0.0933,1.4916,1.2767,1.7401
3,1,14,0.1545,0.0929,1.5067,1.2845,1.7542
3,1,15,0.2246,0.1735,1.6055,1.3163,2.0037
3,1,16,0.2259,0.1449,1.5450,1.2837,1.9158
3,1,17,0.1696,0.0985,1.5182,1.3125,1.7863
3,1,18,0.1587,0.0960,1.5023,1.2780,1.7570
3,1,19,0.1590,0.0942,1.4868,1.2757,1.7399
3,1,20,0.1556,0.0908,1.4739,1.2804,1.7204
3,1,21,0.1485,0.0911,2.2167,1.9558,2.4563
3,1,22,0.1528,0.0911,1.9631,1.7820,2.2070
3,1,23,0.1547,0.0913,1.5023,1.2865,1.7483
3,2,4,0.1549,0.0887,1.7505,1.5490,1.9940
3,2,5,0.1544,0.0887,1.7566,1.5490,1.9997
3,2,6,0.1534,0.0886,1.7539,1.5477,1.9959
3,2,7,0.1554,0.0896,1.7839,1.5659,2.0289
3,2,8,0.1573,0.0889,1.8244,1.5845,2.0708
3,2,9,0.3080,0.1876,2.1283,1.7316,2.6239
3,2,10,0.4392,0.1895,2.5984,2.2059,3.2272
3,2,11,0.2340,0.1432,2.1071,1.7595,2.4845
3,2,12,0.2237,0.1438,2.2765,2.0585,2.6440
3,2,13,0.1945,0.1101,1.7696,1.5470,2.0743
3,2,14,0.2003,0.1044,1.7917,1.5441,2.0964
3,2,15,0.1579,0.0931,1.7499,1.5425,2.0009
3,2,16,0.1584,0.0906,1.7840,1.5914,2.0330
3,2,17,0.1571,0.0900,1.7825,1.5443,2.0295
3,2,18,0.1633,0.1010,1.7695,1.5385,2.0338
3,2,19,0.1565,0.0918,1.7645,1.5445,2.0128
3,2,20,0.1563,0.0899,1.8189,1.6282,2.0651
3,2,21,0.1550,0.0892,1.7591,1.5466,2.0034
3,2,22,0.1521,0.0887,1.7616,1.5669,2.0024
3,2,23,0.1563,0.0887,1.7461,1.5546,1.9911
3,3,4,0.1644,0.0914,3.2252,2.9825,3.4811
3,3,5,0.1556,0.1051,3.2200,2.9918,3.4808
3,3,6,0.1602,0.0924,3.1984,2.9838,3.4509
3,3,7,0.1558,0.0885,3.5713,2.9607,3.8156
3,3,8,0.1656,0.0885,3.2598,3.0051,3.5139
3,3,9,0.1546,0.0883,3.2613,3.0191,3.5045
3,3,10,0.2975,0.1847,3.3395,3.0334,3.8219
3,3,11,0.2250,0.1315,3.2526,3.0072,3.6092
3,3,12,0.1735,0.0944,3.2995,2.9746,3.5673
3,3,13,0.1587,0.0908,4.2460,4.0559,4.4956
3,3,14,0.1540,0.0912,3.2130,2.9913,3.4583
3,3,15,0.1596,0.0884,3.2107,2.9905,3.4587
3,3,16,0.1587,0.0890,3.4137,3.2033,3.6614
3,3,17,0.1543,0.0882,3.2519,3.0251,3.4943
3,3,18,0.1504,0.0881,3.2747,3.0575,3.5132
3,3,19,0.1482,0.0882,3.2786,3.0344,3.5150
3,3,20,0.2234,0.1359,3.2700,3.0262,3.6293
3,3,21,0.1783,0.0964,3.2708,3.0354,3.5455
3,3,22,0.1621,0.0894,4.2051,3.8795,4.4567
3,3,23,0.1660,0.0150,2.1699,2.0062,2.3510
3,4,4,0.1490,0.0895,2.4394,2.1895,2.6779
3,4,5,0.1578,0.0895,2.4824,2.2368,2.7298
3,4,6,0.1537,0.0890,2.5319,2.2951,2.7746
3,4,7,0.2572,0.1679,2.6620,2.3393,3.0871
3,4,8,0.2183,0.1342,2.5791,2.3191,2.9317
3,4,9,0.1642,0.0934,2.7710,2.5343,3.0286
3,4,10,0.1576,0.0904,2.5351,2.3444,2.7831
3,4,11,0.1548,0.0908,3.5492,3.3432,3.7948
3,4,12,0.1624,0.0998,2.6158,2.4040,2.8780
3,4,13,0.1540,0.0896,2.6366,2.4255,2.8802
3,4,14,0.1537,0.0960,2.9451,2.4830,3.1947
3,4,15,0.1550,0.0899,2.7334,2.5078,2.9784
3,4,16,0.1575,0.0889,2.7528,2.5229,2.9992
3,4,17,0.1513,0.0885,2.8152,2.5816,3.0550
3,4,18,0.1703,0.1233,2.9189,2.6319,3.2127
3,4,19,0.2426,0.0197,2.0359,1.5281,2.2982
3,4,20,0.1718,0.0153,1.7232,1.5436,1.9103
3,4,21,0.1572,0.1296,1.8687,1.6374,2.1555
3,4,22,0.1570,0.0962,2.1410,1.9193,2.3943
3,4,23,0.1505,0.0891,2.9976,2.8039,3.2372
3,5,4,0.1794,0.1085,2.5542,2.3108,2.8421
3,5,5,0.1807,0.1112,2.5804,2.3285,2.8724
3,5,6,0.1821,0.1081,2.5857,2.3390,2.8760
3,5,7,0.2913,0.1783,2.6693,2.3889,3.1389
3,5,8,0.2135,0.1300,2.5568,2.3188,2.9004
3,5,9,0.1857,0.1137,2.5549,2.3120,2.8543
3,5,10,0.1816,0.1061,3.0130,2.8086,3.3007
3,5,11,0.1798,0.1067,3.0655,2.8799,3.3520
3,5,12,0.1787,0.1076,2.5132,2.3185,2.7995
3,5,13,0.1789,0.1095,2.6065,2.3230,2.8950
3,5,14,0.1902,0.1123,2.5527,2.3101,2.8553
3,5,15,0.1885,0.1104,2.5483,2.3114,2.8473
3,5,16,0.2037,0.1102,2.5519,2.3020,2.8659
3,5,17,0.1727,0.1025,2.5553,2.3294,2.8306
3,5,18,0.1596,0.0952,2.6055,2.3872,2.8603
3,5,19,0.2090,0.1267,2.6133,2.3365,2.9490
3,5,20,0.1687,0.0954,2.5734,2.3400,2.8376
3,5,21,0.1615,0.0918,2.5509,2.3073,2.8043
3,5,22,0.1590,0.0926,3.1415,2.9255,3.3932
3,5,23,0.1569,0.0911,2.9935,2.8150,3.2415
3,6,4,3.2999,0.1958,3.1803,2.4746,6.6760
3,6,5,1.2650,0.1070,2.9592,2.2860,4.3312
3,6,6,1.1121,0.1404,3.1714,2.8926,4.4239
3,6,7,1.2101,0.1076,2.9543,2.3098,4.2720
3,6,8,2.5999,0.1446,3.2391,2.5943,5.9836
3,6,9,1.2945,0.0931,2.9785,2.2764,4.3662
3,6,10,1.0617,0.1303,3.0785,2.3950,4.2708
3,6,11,1.5677,0.1520,3.0463,2.3180,4.7660
3,6,12,2.6155,0.1615,3.1489,2.4472,5.9260
3,6,13,1.2353,0.1049,3.3943,3.2179,4.7346
3,6,14,1.0317,0.1301,2.9787,2.3429,4.1405
3,6,15,1.1798,0.1032,3.0045,2.3814,4.2875
3,6,16,2.6423,0.1447,3.1248,2.4411,5.9118
3,6,17,1.2852,0.1673,3.0287,2.3330,4.4813
3,6,18,1.6295,0.2320,3.0862,2.3830,4.9479
3,6,19,1.3900,0.1655,2.9832,2.3065,4.5387
3,6,20,2.6520,0.1746,2.9890,2.7104,5.8157
3,6,21,1.3816,0.1216,2.9345,2.2818,4.4378
3,6,22,1.0344,0.1288,2.8858,2.3475,4.0490
3,6,23,1.2670,0.1056,3.0273,2.3106,4.3999
