case,frame,cpu_ms,gpu_ms,presented_s,start_s,target_s
0,32,1.2270,7.2565,2300443.717950334,2300443.734656542,2300443.742951792
0,33,1.3341,4.6295,2300443.726283626,2300443.743014292,2300443.751285126
0,34,1.2492,3.9069,2300443.734616876,2300443.751330584,2300443.759618459
0,35,1.1929,6.2184,2300443.742950167,2300443.759670042,2300443.767951792
0,36,9.4585,10.3969,2300443.751283459,2300443.767999751,2300443.776285125
0,37,1.2792,11.0011,2300443.759616709,2300443.777495834,2300443.784618459
0,38,1.2640,9.4527,2300443.767950042,2300443.784666709,2300443.792951792
0,39,1.2176,7.7777,2300443.776283334,2300443.792995667,2300443.801285125
0,40,1.1478,7.7140,2300443.784616584,2300443.801318792,2300443.809618459
0,41,1.2534,3.2445,2300443.792949917,2300443.809657042,2300443.817951792
0,42,1.1927,5.1024,2300443.801283167,2300443.817993876,2300443.826285126
0,43,1.6112,10.7470,2300443.809616501,2300443.826332625,2300443.834618459
0,44,1.3718,9.8789,2300443.817949792,2300443.834666334,2300443.842951792
0,45,1.2777,6.9172,2300443.826283042,2300443.842998667,2300443.851285126
0,46,1.2437,4.7959,2300443.834616750,2300443.851322834,2300443.859618459
0,47,1.0410,6.3765,2300443.842949584,2300443.859652501,2300443.867951792
0,48,1.1528,7.1742,2300443.851282876,2300443.867990542,2300443.876285126
0,49,1.6078,6.9841,2300443.859616209,2300443.876331001,2300443.884618459
0,50,1.3770,7.7821,2300443.867951542,2300443.884682959,2300443.892951792
0,51,1.2930,4.5284,2300443.876282792,2300443.893008334,2300443.901285125
0,52,1.2733,8.1433,2300443.884616042,2300443.901331792,2300443.909618459
0,53,1.2410,2.8567,2300443.892950292,2300443.909666459,2300443.917951792
0,54,1.2296,5.8570,2300443.901282709,2300443.918006167,2300443.926285125
0,55,1.2318,6.0050,2300443.909617167,2300443.926318501,2300443.934618459
0,56,1.1819,7.2005,2300443.917949167,2300443.934654334,2300443.942951792
0,57,1.2018,5.3605,2300443.926282417,2300443.942991292,2300443.951285126
0,58,1.2230,6.8671,2300443.934619667,2300443.951336584,2300443.959618459
0,59,1.2149,5.3628,2300443.942951500,2300443.959660167,2300443.967951792
0,60,1.1929,6.7340,2300443.951282334,2300443.967986584,2300443.976285126
0,61,1.2681,4.0239,2300443.959615584,2300443.976323959,2300443.984618459
0,62,1.2877,5.1008,2300443.967948875,2300443.984665584,2300443.992951792
0,63,1.2360,4.7350,2300443.976282167,2300443.992993667,2300444.001285126
0,64,1.2584,6.5105,2300443.984615501,2300444.001348959,2300444.009618459
0,65,1.2005,4.5756,2300443.992948750,2300444.009656292,2300444.017951792
0,66,1.2786,3.9586,2300444.001282084,2300444.018005084,2300444.026285125
0,67,1.1731,4.7320,2300444.009615292,2300444.026328167,2300444.034618459
0,68,1.0967,5.9358,2300444.017948667,2300444.034665667,2300444.042951792
0,69,1.0972,4.1070,2300444.026281917,2300444.042981417,2300444.051285125
0,70,1.2007,6.3837,2300444.034615209,2300444.051333584,2300444.059618459
0,71,1.0849,4.9516,2300444.042953459,2300444.059659584,2300444.067951792
0,72,1.1146,6.7608,2300444.051281792,2300444.067988126,2300444.076285126
0,73,1.1122,5.1344,2300444.059617375,2300444.076313959,2300444.084618459
0,74,1.2853,5.1924,2300444.067948334,2300444.084659334,2300444.092951792
0,75,1.2492,5.4005,2300444.076283542,2300444.092982917,2300444.101285126
0,76,1.2361,7.0717,2300444.084614917,2300444.101326792,2300444.109618459
0,77,1.1931,3.5398,2300444.092948167,2300444.109661750,2300444.117951792
0,78,1.3203,5.5076,2300444.101281459,2300444.117997459,2300444.126285126
0,79,1.1917,5.1378,2300444.109614792,2300444.126329334,2300444.134618459
0,80,1.1345,7.0334,2300444.117948084,2300444.134673376,2300444.142951792
0,81,1.1104,5.7576,2300444.126281626,2300444.142991542,2300444.151285125
0,82,1.2966,7.1364,2300444.134614625,2300444.151328126,2300444.159618459
0,83,1.1921,6.1457,2300444.142951084,2300444.159651667,2300444.167951792
0,84,1.2027,6.8539,2300444.151283667,2300444.167981251,2300444.176285125
0,85,1.1269,6.2065,2300444.159614501,2300444.176329126,2300444.184618459
0,86,1.2675,5.1115,2300444.167948375,2300444.184672626,2300444.192951792
0,87,1.2216,4.7828,2300444.176281000,2300444.192996000,2300444.201285126
0,88,1.2352,6.2394,2300444.184615542,2300444.201331626,2300444.209618459
0,89,1.2607,5.9906,2300444.192951417,2300444.209655167,2300444.217951792
0,90,1.2786,5.1115,2300444.201281000,2300444.217996126,2300444.226285126
0,91,1.2290,4.4160,2300444.209617625,2300444.226329917,2300444.234618459
0,92,1.1877,6.0823,2300444.217949167,2300444.234658292,2300444.242951792
0,93,1.1164,5.6602,2300444.226280792,2300444.242985417,2300444.251285126
0,94,1.5477,6.5883,2300444.234614084,2300444.251331834,2300444.259618459
0,95,1.1468,5.7730,2300444.242947292,2300444.259672501,2300444.267951792
0,96,1.1877,6.3160,2300444.251280625,2300444.267996501,2300444.276285125
0,97,1.1644,6.1422,2300444.259613917,2300444.276334334,2300444.284618459
0,98,1.6874,5.1700,2300444.267950084,2300444.284674084,2300444.292951792
0,99,1.3662,5.0148,2300444.276283959,2300444.293019959,2300444.301285125
0,100,1.2402,5.8083,2300444.284618084,2300444.301337501,2300444.309618459
0,101,1.2596,5.2826,2300444.292949042,2300444.309675584,2300444.317951792
0,102,1.2309,5.2110,2300444.301283251,2300444.317993959,2300444.326285126
0,103,1.2477,5.0068,2300444.309613584,2300444.326330417,2300444.334618459
0,104,1.1930,5.6750,2300444.317946917,2300444.334660334,2300444.342951792
0,105,1.1521,6.4886,2300444.326280125,2300444.342999625,2300444.351285126
0,106,1.1495,5.4037,2300444.334613459,2300444.351334292,2300444.359618459
0,107,1.2757,6.4453,2300444.342947167,2300444.359661750,2300444.367951792
0,108,1.2212,5.3276,2300444.351280001,2300444.367997126,2300444.376285126
0,109,1.1758,6.0530,2300444.359615751,2300444.376332376,2300444.384618459
0,110,1.1940,4.9152,2300444.367946626,2300444.384656334,2300444.392951792
0,111,1.2359,4.6569,2300444.376281876,2300444.393001209,2300444.401285125
0,112,1.1918,5.0038,2300444.384617626,2300444.401339584,2300444.409618459
0,113,1.2234,6.3686,2300444.392946459,2300444.409667292,2300444.417951792
0,114,1.2406,5.0132,2300444.401279792,2300444.418017751,2300444.426285125
0,115,1.2337,4.8267,2300444.409613459,2300444.426343000,2300444.434618459
0,116,1.2837,4.8363,2300444.417949542,2300444.434671167,2300444.442951792
0,117,1.1904,6.4993,2300444.426279584,2300444.442999334,2300444.451285126
0,118,1.8407,5.1022,2300444.434612875,2300444.451332417,2300444.459618459
0,119,1.1266,6.7489,2300444.442949209,2300444.459681959,2300444.467951792
0,120,1.3110,5.5815,2300444.451279459,2300444.468000376,2300444.476285126
0,121,1.1959,6.6896,2300444.459615084,2300444.476332292,2300444.484618459
0,122,1.2161,5.4682,2300444.467946084,2300444.484679126,2300444.492951792
0,123,1.2808,5.3390,2300444.476279376,2300444.493002626,2300444.501285126
0,124,1.2375,5.0451,2300444.484615501,2300444.501334459,2300444.509618459
0,125,1.2166,5.1434,2300444.492945917,2300444.509657167,2300444.517951792
0,126,1.2078,4.9171,2300444.501279209,2300444.518011542,2300444.526285125
0,127,1.2378,4.9445,2300444.509615667,2300444.526327917,2300444.534618459
0,128,1.2132,4.7155,2300444.517945751,2300444.534668667,2300444.542951792
0,129,1.1942,6.6021,2300444.526279084,2300444.543002751,2300444.551285125
0,130,1.1380,4.8526,2300444.534615334,2300444.551329417,2300444.559618459
0,131,1.3381,6.6204,2300444.542945626,2300444.559677209,2300444.567951792
0,132,1.2532,5.7074,2300444.551278876,2300444.568005626,2300444.576285126
0,133,1.1507,6.2006,2300444.559612167,2300444.576331209,2300444.584618459
0,134,1.1525,5.3375,2300444.567945459,2300444.584658709,2300444.592951792
0,135,1.2677,4.7097,2300444.576278750,2300444.593004000,2300444.601285126
0,136,1.1882,4.5634,2300444.584616626,2300444.601322751,2300444.609618459
0,137,1.2137,6.2102,2300444.592945375,2300444.609658084,2300444.617951792
0,138,1.2268,5.2215,2300444.601278667,2300444.618002709,2300444.626285126
0,139,1.2978,4.7420,2300444.609612001,2300444.626346375,2300444.634618459
0,140,1.2400,4.6524,2300444.617945209,2300444.634666334,2300444.642951792
0,141,1.1687,6.7085,2300444.626278459,2300444.643016709,2300444.651285125
0,142,1.1895,5.3883,2300444.634615834,2300444.651341125,2300444.659618459
0,143,1.1641,7.3385,2300444.642947751,2300444.659662000,2300444.667951792
0,144,1.2007,5.7780,2300444.651279792,2300444.668003750,2300444.676285125
0,145,1.8029,6.8650,2300444.659614292,2300444.676343167,2300444.684618459
0,146,1.3227,6.1200,2300444.667947376,2300444.684670667,2300444.692951792
0,147,1.3515,5.2292,2300444.676280292,2300444.693001459,2300444.701285126
0,148,1.2403,5.3186,2300444.684616542,2300444.701333126,2300444.709618459
0,149,1.3095,4.7841,2300444.692944792,2300444.709670001,2300444.717951792
0,150,1.6422,5.8528,2300444.701278042,2300444.718016959,2300444.726285126
0,151,1.3709,5.2310,2300444.709614709,2300444.726344584,2300444.734618459
0,152,1.2515,4.9616,2300444.717944584,2300444.734689459,2300444.742951792
0,153,1.2283,6.7129,2300444.726280084,2300444.743001625,2300444.751285126
0,154,1.7066,5.5938,2300444.734611167,2300444.751337251,2300444.759618459
0,155,1.3024,6.6215,2300444.742946250,2300444.759673875,2300444.767951792
0,156,1.2309,5.9697,2300444.751277750,2300444.768010500,2300444.776285125
0,157,1.1901,6.0390,2300444.759612792,2300444.776334209,2300444.784618459
0,158,1.3793,6.1308,2300444.767946959,2300444.784669459,2300444.792951792
0,159,1.3280,4.9047,2300444.776277584,2300444.793008834,2300444.801285125
0,160,1.1975,4.6630,2300444.784613834,2300444.801345084,2300444.809618459
0,161,1.2384,5.2787,2300444.792944125,2300444.809677084,2300444.817951792
0,162,1.2285,6.3762,2300444.801277459,2300444.818015542,2300444.826285126
0,163,1.2795,4.8782,2300444.809614751,2300444.826341376,2300444.834618459
0,164,1.2662,6.2039,2300444.817946417,2300444.834673334,2300444.842951792
0,165,1.2297,5.9862,2300444.826279542,2300444.843003501,2300444.851285126
0,166,1.1386,6.8490,2300444.834612542,2300444.851333001,2300444.859618459
0,167,1.0474,6.7696,2300444.842943834,2300444.859678667,2300444.867951792
0,168,1.2316,6.7076,2300444.851278834,2300444.868018292,2300444.876285126
0,169,1.2067,6.5240,2300444.859613584,2300444.876339125,2300444.884618459
0,170,1.1358,6.7904,2300444.867943792,2300444.884675084,2300444.892951792
0,171,1.1645,5.1414,2300444.876279292,2300444.892997792,2300444.901285125
0,172,1.2254,5.1382,2300444.884612876,2300444.901349042,2300444.909618459
0,173,1.1628,3.5442,2300444.892944834,2300444.909668375,2300444.917951792
0,174,1.3012,6.2481,2300444.901279084,2300444.918010709,2300444.926285125
0,175,1.2005,5.0950,2300444.909612917,2300444.926326667,2300444.934618459
0,176,1.2572,4.9670,2300444.917943459,2300444.934673251,2300444.942951792
0,177,1.1803,5.0480,2300444.926276750,2300444.943006167,2300444.951285126
0,178,1.1805,6.2805,2300444.934610042,2300444.951347292,2300444.959618459
0,179,1.1423,4.8377,2300444.942946584,2300444.959665167,2300444.967951792
0,180,1.2653,6.4593,2300444.951276626,2300444.967999584,2300444.976285126
0,181,1.2509,4.4535,2300444.959609875,2300444.976334375,2300444.984618459
0,182,1.1798,6.4806,2300444.967945167,2300444.984677167,2300444.992951792
0,183,1.1895,4.4970,2300444.976276459,2300444.993006500,2300445.001285126
0,184,1.2398,4.6683,2300444.984612626,2300445.001340292,2300445.009618459
0,185,1.1953,4.4338,2300444.992945667,2300445.009665167,2300445.017951792
0,186,1.2281,6.0299,2300445.001276376,2300445.018002001,2300445.026285125
0,187,1.1956,4.3974,2300445.009612584,2300445.026350542,2300445.034618459
0,188,1.6375,4.7967,2300445.017942917,2300445.034677334,2300445.042951792
0,189,1.3485,4.5715,2300445.026276792,2300445.043019751,2300445.051285125
0,190,1.1800,5.9760,2300445.034612292,2300445.051338542,2300445.059618459
0,191,1.0348,4.9190,2300445.042942751,2300445.059676417,2300445.067951792
1,32,1.1980,7.8829,2300445.376274542,2300445.392994459,2300445.401285125
1,33,1.1492,5.5210,2300445.384607417,2300445.401330834,2300445.409618459
1,34,1.2450,5.9392,2300445.392940750,2300445.409668959,2300445.417951792
1,35,1.1893,6.6551,2300445.401274042,2300445.418005417,2300445.426285125
1,36,1.2555,7.7339,2300445.409609584,2300445.426343084,2300445.434618459
1,37,1.2391,5.9176,2300445.417940667,2300445.434671334,2300445.442951792
1,38,1.2673,5.5770,2300445.426277584,2300445.443009500,2300445.451285126
1,39,1.2617,5.8433,2300445.434607084,2300445.451339500,2300445.459618459
1,40,1.2152,7.7786,2300445.442943542,2300445.459668125,2300445.467951792
1,41,1.1706,5.5063,2300445.451273834,2300445.467997959,2300445.476285126
1,42,1.2025,7.6886,2300445.459608459,2300445.476326167,2300445.484618459
1,43,1.2498,5.9018,2300445.467943251,2300445.484667209,2300445.492951792
1,44,1.1540,8.3698,2300445.476277042,2300445.492981626,2300445.501285126
1,45,1.1646,6.2221,2300445.484606876,2300445.501324376,2300445.509618459
1,46,1.2613,5.6897,2300445.492942959,2300445.509670876,2300445.517951792
1,47,1.0892,5.4559,2300445.501273501,2300445.518009375,2300445.526285125
1,48,1.2090,7.1097,2300445.509606709,2300445.526317209,2300445.534618459
1,49,1.2223,5.5391,2300445.517940001,2300445.534664126,2300445.542951792
1,50,1.3650,5.8388,2300445.526276126,2300445.543010750,2300445.551285125
1,51,1.2323,5.6524,2300445.534612084,2300445.551333375,2300445.559618459
1,52,1.1614,7.2849,2300445.542939875,2300445.559665876,2300445.567951792
1,53,1.1829,5.7516,2300445.551273126,2300445.567997709,2300445.576285126
1,54,1.2868,7.9315,2300445.559611209,2300445.576338834,2300445.584618459
1,55,1.6162,8.0830,2300445.567939792,2300445.584668667,2300445.592951792
1,56,1.3368,8.2273,2300445.576274334,2300445.593006959,2300445.601285126
1,57,1.1947,6.0049,2300445.584606334,2300445.601340792,2300445.609618459
1,58,1.2752,5.4290,2300445.592942250,2300445.609677084,2300445.617951792
1,59,1.2424,5.2588,2300445.601275709,2300445.618006167,2300445.626285126
1,60,1.3348,7.1433,2300445.609608334,2300445.626336875,2300445.634618459
1,61,1.2110,5.8979,2300445.617942750,2300445.634663542,2300445.642951792
1,62,1.3337,5.4570,2300445.626274959,2300445.642992542,2300445.651285125
1,63,1.2334,5.3395,2300445.634606084,2300445.651346917,2300445.659618459
1,64,1.2163,6.9859,2300445.642939292,2300445.659679376,2300445.667951792
1,65,1.2053,6.7417,2300445.651272584,2300445.668004917,2300445.676285125
1,66,1.2257,7.4640,2300445.659607792,2300445.676332292,2300445.684618459
1,67,1.2327,6.7704,2300445.667940209,2300445.684672959,2300445.692951792
1,68,1.2253,7.9928,2300445.676273334,2300445.693005292,2300445.701285126
1,69,1.2445,6.8435,2300445.684606959,2300445.701325417,2300445.709618459
1,70,1.1931,5.7589,2300445.692940792,2300445.709658500,2300445.717951792
1,71,1.0536,5.7114,2300445.701272334,2300445.718008084,2300445.726285126
1,72,1.1785,6.8168,2300445.709607375,2300445.726329709,2300445.734618459
1,73,1.2443,6.7325,2300445.717943292,2300445.734664792,2300445.742951792
1,74,1.2784,7.6054,2300445.726274292,2300445.742991250,2300445.751285126
1,75,1.3098,7.1950,2300445.734607751,2300445.751337209,2300445.759618459
1,76,1.1909,6.5705,2300445.742938750,2300445.759678917,2300445.767951792
1,77,1.2307,5.9482,2300445.751273750,2300445.767997250,2300445.776285125
1,78,1.1923,5.8209,2300445.759610459,2300445.776320292,2300445.784618459
1,79,1.3396,5.7823,2300445.767939959,2300445.784676917,2300445.792951792
1,80,1.2525,6.9278,2300445.776271875,2300445.793008251,2300445.801285125
1,81,1.2973,7.4017,2300445.784605209,2300445.801338292,2300445.809618459
1,82,1.2550,5.9607,2300445.792941834,2300445.809658500,2300445.817951792
1,83,1.3743,5.7055,2300445.801275084,2300445.818017250,2300445.826285126
1,84,1.2142,6.3180,2300445.809609792,2300445.826344834,2300445.834618459
1,85,1.2247,7.4032,2300445.817938334,2300445.834667375,2300445.842951792
1,86,1.1922,6.6429,2300445.826271626,2300445.842994959,2300445.851285126
1,87,1.2958,7.9195,2300445.834604917,2300445.851349500,2300445.859618459
1,88,1.3157,6.3622,2300445.842938167,2300445.859676125,2300445.867951792
1,89,1.3047,7.4592,2300445.851271459,2300445.867993084,2300445.876285126
1,90,1.2703,5.7718,2300445.859604750,2300445.876317542,2300445.884618459
1,91,1.3357,5.5528,2300445.867939417,2300445.884678959,2300445.892951792
1,92,1.2734,5.8072,2300445.876271959,2300445.893004542,2300445.901285125
1,93,1.3628,8.0722,2300445.884604584,2300445.901330876,2300445.909618459
1,94,1.3372,5.5637,2300445.892937834,2300445.909668375,2300445.917951792
1,95,1.2551,5.7795,2300445.901274292,2300445.918015334,2300445.926285125
1,96,1.3127,6.0144,2300445.909604501,2300445.926332667,2300445.934618459
1,97,1.2739,7.8286,2300445.917940584,2300445.934666292,2300445.942951792
1,98,1.2179,5.6140,2300445.926271042,2300445.943006125,2300445.951285126
1,99,1.3583,7.8753,2300445.934607625,2300445.951336251,2300445.959618459
1,100,1.3540,5.9838,2300445.942940459,2300445.959671834,2300445.967951792
1,101,1.2941,5.3144,2300445.951272001,2300445.967997209,2300445.976285126
1,102,1.2158,5.3407,2300445.959604209,2300445.976327834,2300445.984618459
1,103,1.3239,5.3712,2300445.967938500,2300445.984676876,2300445.992951792
1,104,1.6753,5.3743,2300445.976273834,2300445.992998500,2300446.001285126
1,105,1.3968,7.9948,2300445.984606167,2300446.001332042,2300446.009618459
1,106,1.3225,6.1964,2300445.992939334,2300446.009665292,2300446.017951792
1,107,1.3518,5.6026,2300446.001272334,2300446.017991084,2300446.026285125
1,108,1.3160,5.5798,2300446.009606001,2300446.026326584,2300446.034618459
1,109,1.4182,7.8000,2300446.017938001,2300446.034663667,2300446.042951792
1,110,1.2964,6.5529,2300446.026270417,2300446.043010167,2300446.051285125
1,111,1.3503,8.0629,2300446.034603750,2300446.051324625,2300446.059618459
1,112,1.3869,6.6804,2300446.042937042,2300446.059682459,2300446.067951792
1,113,1.3029,7.7321,2300446.051271875,2300446.068016750,2300446.076285126
1,114,1.2466,6.6405,2300446.059603584,2300446.076330834,2300446.084618459
1,115,1.3728,5.7817,2300446.067941042,2300446.084662626,2300446.092951792
1,116,1.2828,5.6362,2300446.076270167,2300446.092999709,2300446.101285126
1,117,1.3568,7.1284,2300446.084605292,2300446.101341209,2300446.109618459
1,118,1.3385,6.7440,2300446.092936709,2300446.109675584,2300446.117951792
1,119,1.1956,5.7862,2300446.101272625,2300446.118000750,2300446.126285126
1,120,1.4478,5.7524,2300446.109606209,2300446.126353626,2300446.134618459
1,121,1.3372,7.2922,2300446.117938250,2300446.134689042,2300446.142951792
1,122,1.2527,6.8192,2300446.126271417,2300446.143004376,2300446.151285125
1,123,1.2692,7.6337,2300446.134605417,2300446.151339584,2300446.159618459
1,124,1.3186,7.0284,2300446.142938792,2300446.159681917,2300446.167951792
1,125,1.2670,5.1119,2300446.151269709,2300446.168004625,2300446.176285125
1,126,1.2495,6.8075,2300446.159603042,2300446.176342750,2300446.184618459
1,127,1.3064,5.9198,2300446.167936334,2300446.184672000,2300446.192951792
1,128,1.3035,5.6317,2300446.176269584,2300446.193004959,2300446.201285126
1,129,1.2969,6.5392,2300446.184604542,2300446.201328875,2300446.209618459
1,130,1.3117,7.2430,2300446.192941500,2300446.209667334,2300446.217951792
1,131,1.2843,5.8754,2300446.201272917,2300446.218008000,2300446.226285126
1,132,1.6650,5.7646,2300446.209608292,2300446.226329834,2300446.234618459
1,133,1.3434,6.4706,2300446.217938626,2300446.234680750,2300446.242951792
1,134,1.2138,7.2427,2300446.226269292,2300446.242997542,2300446.251285126
1,135,1.2669,6.4770,2300446.234602625,2300446.251353584,2300446.259618459
1,136,1.2640,7.8785,2300446.242937459,2300446.259670251,2300446.267951792
1,137,1.1575,6.2648,2300446.251270542,2300446.268006792,2300446.276285125
1,138,1.2050,7.7597,2300446.259604334,2300446.276332917,2300446.284618459
1,139,1.2790,5.5445,2300446.267938750,2300446.284649042,2300446.292951792
1,140,1.2737,5.8100,2300446.276271334,2300446.292995126,2300446.301285125
1,141,1.2019,6.7055,2300446.284603500,2300446.301334667,2300446.309618459
1,142,1.2646,7.6516,2300446.292935626,2300446.309671667,2300446.317951792
1,143,1.1125,5.9503,2300446.301273459,2300446.318011126,2300446.326285126
1,144,1.3028,5.7855,2300446.309606542,2300446.326332959,2300446.334618459
1,145,1.2022,6.4561,2300446.317935459,2300446.334656959,2300446.342951792
1,146,1.2515,7.6222,2300446.326268751,2300446.342993625,2300446.351285126
1,147,1.1830,6.7256,2300446.334604292,2300446.351321876,2300446.359618459
1,148,1.3376,7.8947,2300446.342935334,2300446.359673751,2300446.367951792
1,149,1.2826,3.4376,2300446.351268584,2300446.368013667,2300446.376285126
1,150,1.2309,7.3563,2300446.359605084,2300446.376327292,2300446.384618459
1,151,1.2345,5.8958,2300446.367938126,2300446.384656042,2300446.392951792
1,152,1.3011,5.7780,2300446.376270459,2300446.393001709,2300446.401285125
1,153,1.2658,6.0113,2300446.384604209,2300446.401358251,2300446.409618459
1,154,1.3586,7.9050,2300446.392935042,2300446.409674667,2300446.417951792
1,155,1.3209,5.5129,2300446.401268292,2300446.418015167,2300446.426285125
1,156,1.3577,5.8854,2300446.409603834,2300446.426329000,2300446.434618459
1,157,1.3420,5.8799,2300446.417934834,2300446.434656334,2300446.442951792
1,158,1.2693,7.7667,2300446.426270209,2300446.442985542,2300446.451285126
1,159,1.3037,5.4405,2300446.434601459,2300446.451337500,2300446.459618459
1,160,1.2305,7.7556,2300446.442934751,2300446.459669834,2300446.467951792
1,161,1.3840,6.2374,2300446.451268042,2300446.467993334,2300446.476285126
1,162,1.3703,8.0226,2300446.459603250,2300446.476343376,2300446.484618459
1,163,1.2740,6.4335,2300446.467935334,2300446.484667667,2300446.492951792
1,164,1.2290,7.3201,2300446.476271459,2300446.493005209,2300446.501285126
1,165,1.3105,5.7067,2300446.484603250,2300446.501344459,2300446.509618459
1,166,1.6006,5.5526,2300446.492936792,2300446.509676750,2300446.517951792
1,167,1.1417,7.7097,2300446.501270042,2300446.518009334,2300446.526285125
1,168,1.3403,6.4225,2300446.509603292,2300446.526328209,2300446.534618459
1,169,1.3003,5.7239,2300446.517935126,2300446.534672625,2300446.542951792
1,170,1.3063,5.7193,2300446.526270459,2300446.543011834,2300446.551285125
1,171,1.4030,6.7715,2300446.534600834,2300446.551342542,2300446.559618459
1,172,1.3761,6.8902,2300446.542936001,2300446.559681376,2300446.567951792
1,173,1.3546,4.6159,2300446.551270042,2300446.568000667,2300446.576285126
1,174,1.3255,6.9086,2300446.559603209,2300446.576336876,2300446.584618459
1,175,1.2081,6.3031,2300446.567936167,2300446.584665584,2300446.592951792
1,176,1.2094,7.4120,2300446.576268709,2300446.593000667,2300446.601285126
1,177,1.2135,5.6864,2300446.584603709,2300446.601333125,2300446.609618459
1,178,1.3488,5.6534,2300446.592936042,2300446.609672626,2300446.617951792
1,179,1.3083,6.2552,2300446.601269292,2300446.618005459,2300446.626285126
1,180,1.2830,7.2060,2300446.609602834,2300446.626326626,2300446.634618459
1,181,1.2187,5.8793,2300446.617938042,2300446.634675667,2300446.642951792
1,182,1.2792,5.5542,2300446.626267167,2300446.642998667,2300446.651285125
1,183,1.2272,5.9925,2300446.634600334,2300446.651330042,2300446.659618459
1,184,1.1790,7.0949,2300446.642937917,2300446.659655709,2300446.667951792
1,185,1.2533,6.4820,2300446.651266834,2300446.667991667,2300446.676285125
1,186,1.3523,7.5882,2300446.659600167,2300446.676325834,2300446.684618459
1,187,1.2646,6.6996,2300446.667933459,2300446.684675209,2300446.692951792
1,188,1.2311,7.3854,2300446.676266709,2300446.693002834,2300446.701285126
1,189,1.3117,5.9523,2300446.684600001,2300446.701339126,2300446.709618459
1,190,1.2893,5.6485,2300446.692933292,2300446.709686000,2300446.717951792
1,191,1.1436,6.8541,2300446.701268375,2300446.718004417,2300446.726285126
2,32,3.6703,7.6724,2300447.084600667,2300447.101349500,2300447.109618459
2,33,1.7212,5.1528,2300447.092935001,2300447.109669209,2300447.117951792
2,34,1.5956,4.4199,2300447.101266167,2300447.118009334,2300447.126285126
2,35,1.6852,5.8973,2300447.109597584,2300447.126335792,2300447.134618459
2,36,3.9517,7.2276,2300447.117934459,2300447.134673917,2300447.142951792
2,37,1.6709,5.1261,2300447.126264126,2300447.142998501,2300447.151285125
2,38,1.7362,5.3983,2300447.134600126,2300447.151322584,2300447.159618459
2,39,1.6690,6.2165,2300447.142934251,2300447.159655876,2300447.167951792
2,40,3.5648,6.8455,2300447.151264001,2300447.167997209,2300447.176285125
2,41,1.6318,4.7115,2300447.159598792,2300447.176345959,2300447.184618459
2,42,1.7087,4.1964,2300447.167930625,2300447.184668167,2300447.192951792
2,43,1.7208,5.2532,2300447.176265292,2300447.193003959,2300447.201285126
2,44,3.7860,6.4800,2300447.184597125,2300447.201334459,2300447.209618459
2,45,1.7952,5.0016,2300447.192930500,2300447.209674042,2300447.217951792
2,46,1.7142,4.3784,2300447.201266125,2300447.218010459,2300447.226285126
2,47,1.6647,5.2619,2300447.209597000,2300447.226337959,2300447.234618459
2,48,3.6040,7.2443,2300447.217930292,2300447.234663250,2300447.242951792
2,49,1.8790,5.6164,2300447.226263626,2300447.243023417,2300447.251285126
2,50,1.6261,6.6959,2300447.234596875,2300447.251354251,2300447.259618459
2,51,1.6212,8.4277,2300447.242933667,2300447.259668959,2300447.267951792
2,52,3.8290,7.4832,2300447.251263459,2300447.267989584,2300447.276285125
2,53,1.9254,6.2065,2300447.259596709,2300447.276350334,2300447.284618459
2,54,1.7164,4.8024,2300447.267932001,2300447.284680584,2300447.292951792
2,55,1.7469,5.5211,2300447.276263292,2300447.293012125,2300447.301285125
2,56,3.7241,6.5512,2300447.284596584,2300447.301337625,2300447.309618459
2,57,1.7686,5.6127,2300447.292932917,2300447.309662084,2300447.317951792
2,58,1.6366,4.4674,2300447.301265959,2300447.317998126,2300447.326285126
2,59,1.6711,4.9382,2300447.309600876,2300447.326332334,2300447.334618459
2,60,3.6570,7.0307,2300447.317929709,2300447.334664667,2300447.342951792
2,61,1.6930,5.7670,2300447.326263001,2300447.342996126,2300447.351285126
2,62,1.7695,6.2434,2300447.334597917,2300447.351334751,2300447.359618459
2,63,1.6467,6.4182,2300447.342931584,2300447.359675625,2300447.367951792
2,64,3.6522,6.7931,2300447.351262917,2300447.368003709,2300447.376285126
2,65,1.7978,5.6533,2300447.359596167,2300447.376336000,2300447.384618459
2,66,1.5750,4.1478,2300447.367931459,2300447.384669792,2300447.392951792
2,67,1.6828,4.9615,2300447.376265084,2300447.393010250,2300447.401285125
2,68,4.2949,7.0056,2300447.384596042,2300447.401340834,2300447.409618459
2,69,2.2348,6.4212,2300447.392931084,2300447.409684917,2300447.417951792
2,70,1.6324,4.3910,2300447.401262584,2300447.418010750,2300447.426285125
2,71,1.8129,5.1755,2300447.409598250,2300447.426349501,2300447.434618459
2,72,3.9274,6.7041,2300447.417929167,2300447.434669750,2300447.442951792
2,73,1.6052,6.8392,2300447.426265542,2300447.442986292,2300447.451285126
2,74,1.6936,8.4710,2300447.434595667,2300447.451345334,2300447.459618459
2,75,1.8735,8.7615,2300447.442931001,2300447.459670417,2300447.467951792
2,76,3.6750,8.5616,2300447.451264209,2300447.467998751,2300447.476285126
2,77,1.6183,8.6089,2300447.459597959,2300447.476353542,2300447.484618459
2,78,1.4696,4.6164,2300447.467932292,2300447.484664750,2300447.492951792
2,79,1.7653,5.6216,2300447.476264625,2300447.493009625,2300447.501285126
2,80,4.1376,7.0460,2300447.484596334,2300447.501335542,2300447.509618459
2,81,2.0595,6.9544,2300447.492928709,2300447.509668834,2300447.517951792
2,82,2.0160,4.4860,2300447.501264417,2300447.518000834,2300447.526285125
2,83,1.9866,5.2040,2300447.509600209,2300447.526334042,2300447.534618459
2,84,4.2192,6.1788,2300447.517928625,2300447.534668126,2300447.542951792
2,85,1.7864,6.5198,2300447.526264376,2300447.543009959,2300447.551285125
2,86,1.6712,5.7846,2300447.534595167,2300447.551342792,2300447.559618459
2,87,2.0010,7.9370,2300447.542933084,2300447.559696084,2300447.567951792
2,88,4.2357,5.9472,2300447.551263250,2300447.568011417,2300447.576285126
2,89,1.8234,7.3559,2300447.559598834,2300447.576339917,2300447.584618459
2,90,1.5940,3.9705,2300447.567928250,2300447.584676876,2300447.592951792
2,91,1.8950,5.1234,2300447.576263542,2300447.593012292,2300447.601285126
2,92,4.1395,5.7271,2300447.584594917,2300447.601335209,2300447.609618459
2,93,1.8735,6.9154,2300447.592928334,2300447.609670209,2300447.617951792
2,94,1.7378,4.3753,2300447.601264834,2300447.618005209,2300447.626285126
2,95,1.9674,5.4505,2300447.609596875,2300447.626348042,2300447.634618459
2,96,3.8560,5.9120,2300447.617929501,2300447.634678209,2300447.642951792
2,97,1.7556,7.6001,2300447.626265834,2300447.643005959,2300447.651285125
2,98,1.6358,5.7990,2300447.634594625,2300447.651349167,2300447.659618459
2,99,1.7868,8.3660,2300447.642929500,2300447.659683500,2300447.667951792
2,100,4.0757,6.4175,2300447.651264001,2300447.668008667,2300447.676285125
2,101,1.8262,9.3377,2300447.659597625,2300447.676338584,2300447.684618459
2,102,1.5321,4.7712,2300447.667927750,2300447.684679251,2300447.692951792
2,103,1.8025,5.2658,2300447.676262709,2300447.692997876,2300447.701285126
2,104,3.9829,5.5200,2300447.684594250,2300447.701345667,2300447.709618459
2,105,1.9337,7.0894,2300447.692929959,2300447.709676584,2300447.717951792
2,106,1.8191,4.1748,2300447.701260834,2300447.718011959,2300447.726285126
2,107,2.2170,5.0258,2300447.709597126,2300447.726349626,2300447.734618459
2,108,3.9951,5.2216,2300447.717929959,2300447.734676667,2300447.742951792
2,109,1.8370,7.2283,2300447.726264042,2300447.742994709,2300447.751285126
2,110,1.5761,4.5407,2300447.734594042,2300447.751341500,2300447.759618459
2,111,1.7480,6.9100,2300447.742929000,2300447.759674209,2300447.767951792
2,112,4.0571,5.6775,2300447.751260584,2300447.768019001,2300447.776285125
2,113,1.6813,6.6091,2300447.759596000,2300447.776339042,2300447.784618459
2,114,1.6985,3.9624,2300447.767927167,2300447.784678959,2300447.792951792
2,115,1.8651,4.6111,2300447.776262584,2300447.793004417,2300447.801285125
2,116,3.9605,4.5153,2300447.784593751,2300447.801360917,2300447.809618459
2,117,2.0746,5.8255,2300447.792926959,2300447.809680667,2300447.817951792
2,118,1.5922,4.1365,2300447.801262542,2300447.818016125,2300447.826285126
2,119,1.8023,4.9573,2300447.809598500,2300447.826336209,2300447.834618459
2,120,3.9858,4.6290,2300447.817926834,2300447.834677417,2300447.842951792
2,121,1.7317,6.4305,2300447.826263876,2300447.842997001,2300447.851285126
2,122,1.4819,4.9209,2300447.834595834,2300447.851325375,2300447.859618459
2,123,1.7586,7.8640,2300447.842929542,2300447.859660625,2300447.867951792
2,124,3.6895,6.4362,2300447.851264709,2300447.868006750,2300447.876285126
2,125,1.8158,7.9181,2300447.859596959,2300447.876343042,2300447.884618459
2,126,1.4447,4.5459,2300447.867929917,2300447.884673834,2300447.892951792
2,127,1.7669,4.9188,2300447.876262250,2300447.893003792,2300447.901285125
2,128,3.7151,4.7673,2300447.884594792,2300447.901319084,2300447.909618459
2,129,1.7235,6.3350,2300447.892927917,2300447.909671001,2300447.917951792
2,130,1.6089,4.1461,2300447.901261584,2300447.918002501,2300447.926285125
2,131,1.7316,4.8101,2300447.909593001,2300447.926324084,2300447.934618459
2,132,3.8077,4.6649,2300447.917928584,2300447.934672667,2300447.942951792
2,133,1.7285,6.0748,2300447.926259584,2300447.943000334,2300447.951285126
2,134,1.5539,4.7188,2300447.934596709,2300447.951336459,2300447.959618459
2,135,1.6760,6.6257,2300447.942929292,2300447.959670250,2300447.967951792
2,136,4.0528,6.1072,2300447.951261250,2300447.968004834,2300447.976285126
2,137,1.7385,6.3070,2300447.959594417,2300447.976334375,2300447.984618459
2,138,1.5216,5.2205,2300447.967928417,2300447.984670375,2300447.992951792
2,139,1.6548,5.0549,2300447.976262250,2300447.993003209,2300448.001285126
2,140,3.8184,4.9741,2300447.984592542,2300448.001348375,2300448.009618459
2,141,1.7346,6.4557,2300447.992927959,2300448.009674292,2300448.017951792
2,142,1.6048,5.1532,2300448.001259167,2300448.018020667,2300448.026285125
2,143,1.7095,5.1501,2300448.009594875,2300448.026336959,2300448.034618459
2,144,3.7269,5.2341,2300448.017927500,2300448.034669667,2300448.042951792
2,145,1.7570,6.1664,2300448.026262084,2300448.042987667,2300448.051285125
2,146,1.4226,6.0829,2300448.034593459,2300448.051332001,2300448.059618459
2,147,1.6327,6.7671,2300448.042928501,2300448.059671667,2300448.067951792
2,148,3.7032,8.5529,2300448.051258834,2300448.067996334,2300448.076285126
2,149,1.6183,7.2990,2300448.059594667,2300448.076329334,2300448.084618459
2,150,1.4400,5.8685,2300448.067925375,2300448.084653292,2300448.092951792
2,151,1.8002,5.5215,2300448.076258667,2300448.092990584,2300448.101285126
2,152,3.7801,4.7869,2300448.084593917,2300448.101326250,2300448.109618459
2,153,1.8717,5.4824,2300448.092925292,2300448.109677501,2300448.117951792
2,154,1.7393,5.4254,2300448.101258542,2300448.118015542,2300448.126285126
2,155,1.9534,5.0955,2300448.109591876,2300448.126346375,2300448.134618459
2,156,3.7602,5.0243,2300448.117927709,2300448.134662167,2300448.142951792
2,157,1.7094,6.0712,2300448.126258459,2300448.143000626,2300448.151285125
2,158,1.5086,4.9897,2300448.134593626,2300448.151340875,2300448.159618459
2,159,1.7896,5.8286,2300448.142925000,2300448.159669459,2300448.167951792
2,160,3.7164,6.7190,2300448.151258251,2300448.168010084,2300448.176285125
2,161,1.8194,5.6280,2300448.159593876,2300448.176347459,2300448.184618459
2,162,1.5838,5.1114,2300448.167924834,2300448.184669292,2300448.192951792
2,163,1.7513,4.7116,2300448.176259875,2300448.193005250,2300448.201285126
2,164,3.6948,4.5267,2300448.184591417,2300448.201335042,2300448.209618459
2,165,9.1463,5.5704,2300448.192926584,2300448.209670042,2300448.217951792
2,166,8.1639,5.3412,2300448.201258000,2300448.218895834,2300448.226285126
2,167,8.3840,5.2502,2300448.209594750,2300448.227106084,2300448.234618459
2,168,8.2140,5.0295,2300448.217925792,2300448.235547251,2300448.242951792
2,169,8.2239,6.4441,2300448.234591126,2300448.243816917,2300448.251285126
2,170,8.2969,5.8479,2300448.242924417,2300448.252079459,2300448.259618459
2,171,8.3347,7.3388,2300448.251257709,2300448.260416375,2300448.267951792
2,172,8.2077,5.8795,2300448.259593500,2300448.268801126,2300448.276285125
2,173,8.3293,8.4291,2300448.267927334,2300448.277065042,2300448.284618459
2,174,8.3298,5.7216,2300448.276261792,2300448.285435584,2300448.292951792
2,175,8.3090,5.5723,2300448.284590876,2300448.293810125,2300448.301285125
2,176,8.1785,5.4054,2300448.292926126,2300448.302186001,2300448.309618459
2,177,8.4542,7.1935,2300448.301261376,2300448.310422542,2300448.317951792
2,178,8.1572,5.7115,2300448.309595834,2300448.318945501,2300448.326285126
2,179,8.2894,5.3421,2300448.317925334,2300448.327158084,2300448.334618459
2,180,8.2481,5.4412,2300448.326259750,2300448.335505626,2300448.342951792
2,181,8.2175,7.0038,2300448.334590584,2300448.343814167,2300448.351285126
2,182,8.3540,5.9437,2300448.342927542,2300448.352072084,2300448.359618459
2,183,8.2720,6.7461,2300448.351258834,2300448.360474709,2300448.367951792
2,184,8.2246,5.7907,2300448.359592917,2300448.368795959,2300448.376285126
2,185,8.3462,6.4788,2300448.367923709,2300448.377070209,2300448.384618459
2,186,8.3046,5.3685,2300448.376261792,2300448.385451917,2300448.392951792
2,187,8.3059,4.9475,2300448.384590250,2300448.393799792,2300448.401285125
2,188,8.2087,5.3910,2300448.392926084,2300448.402163500,2300448.409618459
2,189,8.4210,6.9674,2300448.401258917,2300448.410426542,2300448.417951792
2,190,8.2297,5.1591,2300448.409590209,2300448.418905167,2300448.426285125
2,191,8.3373,5.2593,2300448.417923459,2300448.427176584,2300448.434618459
3,32,0.7856,6.6595,2300448.701255084,2300448.718014709,2300448.726285126
3,33,0.7943,7.6448,2300448.709592042,2300448.726348292,2300448.734618459
3,34,0.6955,6.2623,2300448.717924417,2300448.734668125,2300448.742951792
3,35,0.8308,6.0338,2300448.726259167,2300448.743018376,2300448.751285126
3,36,0.7314,6.5461,2300448.734592042,2300448.751350292,2300448.759618459
3,37,0.7707,8.0287,2300448.742923834,2300448.759661209,2300448.767951792
3,38,0.7230,7.3466,2300448.751254876,2300448.768001667,2300448.776285125
3,39,0.7445,8.6297,2300448.759591042,2300448.776347584,2300448.784618459
3,40,0.6943,6.7662,2300448.767924459,2300448.784667959,2300448.792951792
3,41,0.7069,9.3171,2300448.776256375,2300448.793014500,2300448.801285125
3,42,0.7433,7.9785,2300448.784588042,2300448.801335292,2300448.809618459
3,43,0.7632,6.2529,2300448.792925376,2300448.809661751,2300448.817951792
3,44,0.6898,6.4203,2300448.801254542,2300448.818003500,2300448.826285126
3,45,0.9600,8.4280,2300448.809590750,2300448.826340709,2300448.834618459
3,46,0.7332,6.2692,2300448.817921125,2300448.834681876,2300448.842951792
3,47,0.8704,6.3833,2300448.826256250,2300448.843004042,2300448.851285126
3,48,0.7528,6.5450,2300448.834587709,2300448.851355126,2300448.859618459
3,49,0.7058,8.9943,2300448.842922876,2300448.859669792,2300448.867951792
3,50,0.6857,7.1163,2300448.851254250,2300448.868004667,2300448.876285126
3,51,0.7481,9.3741,2300448.859590209,2300448.876341167,2300448.884618459
3,52,0.7102,7.6938,2300448.867923459,2300448.884666501,2300448.892951792
3,53,0.7098,10.0888,2300448.876257167,2300448.893002209,2300448.901285125
3,54,0.6842,8.5506,2300448.884590542,2300448.901342250,2300448.909618459
3,55,0.8408,6.7754,2300448.892921792,2300448.909673667,2300448.917951792
3,56,0.6888,6.6158,2300448.901257667,2300448.918004667,2300448.926285125
3,57,0.8696,8.2749,2300448.909590542,2300448.926364417,2300448.934618459
3,58,0.7547,6.4541,2300448.917920542,2300448.934678959,2300448.942951792
3,59,0.8548,6.5829,2300448.926255917,2300448.943002584,2300448.951285126
3,60,0.7507,6.6298,2300448.934587126,2300448.951346876,2300448.959618459
3,61,0.7065,8.3166,2300448.942923751,2300448.959690376,2300448.967951792
3,62,0.6835,6.5047,2300448.951256209,2300448.968003542,2300448.976285126
3,63,0.7627,8.8307,2300448.959588542,2300448.976331959,2300448.984618459
3,64,0.7201,7.0872,2300448.967921417,2300448.984678917,2300448.992951792
3,65,0.7158,9.1840,2300448.976257959,2300448.992995042,2300449.001285126
3,66,0.7227,7.2180,2300448.984589959,2300449.001328500,2300449.009618459
3,67,0.7896,6.1768,2300448.992921126,2300449.009668375,2300449.017951792
3,68,0.6679,6.0662,2300449.001254917,2300449.018017667,2300449.026285125
3,69,0.8349,7.7896,2300449.009586709,2300449.026335917,2300449.034618459
3,70,0.7516,6.0643,2300449.017919959,2300449.034670501,2300449.042951792
3,71,0.8355,6.1209,2300449.026255834,2300449.042991376,2300449.051285125
3,72,0.9355,5.9375,2300449.034586584,2300449.051341084,2300449.059618459
3,73,0.8087,7.8573,2300449.042921209,2300449.059660376,2300449.067951792
3,74,0.7624,6.3790,2300449.051253126,2300449.067986542,2300449.076285126
3,75,0.7429,8.6263,2300449.059587625,2300449.076328875,2300449.084618459
3,76,0.7072,7.2484,2300449.067921667,2300449.084676750,2300449.092951792
3,77,0.7391,8.7840,2300449.076254667,2300449.093013459,2300449.101285126
3,78,0.7545,6.7276,2300449.084586292,2300449.101344667,2300449.109618459
3,79,0.7384,6.1382,2300449.092919584,2300449.109663000,2300449.117951792
3,80,0.7237,5.9809,2300449.101256626,2300449.118005584,2300449.126285126
3,81,0.8149,5.5378,2300449.109587876,2300449.126344042,2300449.134618459
3,82,0.7654,7.7219,2300449.117919334,2300449.134668542,2300449.142951792
3,83,0.7833,6.1728,2300449.126254626,2300449.142999542,2300449.151285125
3,84,0.7601,5.9941,2300449.134585959,2300449.151342000,2300449.159618459
3,85,0.7199,8.2304,2300449.142922417,2300449.159654875,2300449.167951792
3,86,0.7305,6.7607,2300449.151254542,2300449.167996417,2300449.176285125
3,87,0.7696,8.6830,2300449.159585834,2300449.176296084,2300449.184585834
3,88,0.8207,7.5635,2300449.167919125,2300449.184641542,2300449.192919167
3,89,0.8195,7.7061,2300449.176253626,2300449.192962876,2300449.201252501
3,90,0.8471,7.4178,2300449.184588001,2300449.201303334,2300449.209585834
3,91,0.8066,6.4302,2300449.192918917,2300449.209638667,2300449.217919167
3,92,0.8013,6.0595,2300449.201254375,2300449.217977751,2300449.226252500
3,93,0.7503,7.6611,2300449.209585584,2300449.226300917,2300449.234585834
3,94,0.7195,7.1467,2300449.217920750,2300449.234634667,2300449.242919167
3,95,0.7578,7.6127,2300449.226254584,2300449.242959584,2300449.251252500
3,96,0.7994,7.8350,2300449.234586584,2300449.251323459,2300449.259585834
3,97,0.7990,6.8655,2300449.242920709,2300449.259638917,2300449.267919167
3,98,0.7453,8.1762,2300449.251253875,2300449.267964709,2300449.276252501
3,99,0.7295,6.3551,2300449.259588334,2300449.276295792,2300449.284585834
3,100,0.7473,6.1511,2300449.267918501,2300449.284641375,2300449.292919167
3,101,0.8023,6.8874,2300449.276253751,2300449.292975209,2300449.301252501
3,102,0.8320,7.6324,2300449.284585167,2300449.301309459,2300449.309585834
3,103,0.8279,6.4722,2300449.292921042,2300449.309639834,2300449.317919167
3,104,0.8623,6.1741,2300449.301253376,2300449.317967417,2300449.326252501
3,105,0.7986,6.9524,2300449.309585209,2300449.326298042,2300449.334585834
3,106,0.7547,7.8944,2300449.317921667,2300449.334637167,2300449.342919167
3,107,0.7215,7.1357,2300449.326251542,2300449.342971917,2300449.351252500
3,108,0.7879,8.2063,2300449.334587084,2300449.351320167,2300449.359585834
3,109,0.7765,7.0265,2300449.342918125,2300449.359638084,2300449.367919167
3,110,0.7565,8.2654,2300449.351253375,2300449.367986209,2300449.376252500
3,111,0.8301,5.8939,2300449.359587167,2300449.376301834,2300449.384585834
3,112,0.8443,5.9350,2300449.367919250,2300449.384642750,2300449.392919167
3,113,0.8510,5.9687,2300449.376253042,2300449.392969375,2300449.401252501
3,114,0.9103,7.6315,2300449.384587251,2300449.401319625,2300449.409585834
3,115,0.8003,6.2597,2300449.392921792,2300449.409634792,2300449.417919167
3,116,0.9596,5.9928,2300449.401253625,2300449.417976167,2300449.426252501
3,117,0.7743,6.0656,2300449.409584459,2300449.426309042,2300449.434585834
3,118,0.7368,7.8979,2300449.417919584,2300449.434638125,2300449.442919167
3,119,0.7077,6.6571,2300449.426253167,2300449.442968459,2300449.451252501
3,120,0.8237,8.0747,2300449.434584251,2300449.451306959,2300449.459585834
3,121,0.7191,6.4713,2300449.442918792,2300449.459631667,2300449.467919167
3,122,0.7396,7.7347,2300449.451253292,2300449.467972375,2300449.476252500
3,123,0.7684,5.8665,2300449.459584167,2300449.476293709,2300449.484585834
3,124,0.7910,5.8589,2300449.467917376,2300449.484645001,2300449.492919167
3,125,0.7721,5.7156,2300449.476253209,2300449.492972751,2300449.501252500
3,126,0.8835,7.7853,2300449.484583959,2300449.501292792,2300449.509585834
3,127,0.7805,6.0071,2300449.492917292,2300449.509635417,2300449.517919167
3,128,0.8781,6.0018,2300449.501252417,2300449.517982875,2300449.526252501
3,129,0.7618,5.8266,2300449.509583876,2300449.526302001,2300449.534585834
3,130,0.7491,8.1038,2300449.517918542,2300449.534631042,2300449.542919167
3,131,0.7051,5.9785,2300449.526250417,2300449.542982250,2300449.551252501
3,132,0.7701,8.4438,2300449.534585834,2300449.551322417,2300449.559585834
3,133,0.7415,6.6535,2300449.542919667,2300449.559654959,2300449.567919167
3,134,0.7988,8.5823,2300449.551253334,2300449.567983542,2300449.576252501
3,135,0.7795,6.6336,2300449.559587834,2300449.576309292,2300449.584585834
3,136,0.7698,6.1016,2300449.567921751,2300449.584641500,2300449.592919167
3,137,0.7195,5.8777,2300449.576251584,2300449.592983209,2300449.601252500
3,138,0.9269,8.0827,2300449.584585584,2300449.601309875,2300449.609585834
3,139,0.8478,6.5631,2300449.592916667,2300449.609638500,2300449.617919167
3,140,0.8420,6.2563,2300449.601252084,2300449.617978542,2300449.626252500
3,141,0.7906,6.0204,2300449.609585251,2300449.626317417,2300449.634585834
3,142,0.7576,8.0536,2300449.617918584,2300449.634645625,2300449.642919167
3,143,0.7656,6.8294,2300449.626252209,2300449.642968834,2300449.651252501
3,144,0.7498,8.4428,2300449.634583667,2300449.651303834,2300449.659585834
3,145,0.7421,7.1545,2300449.642920584,2300449.659647501,2300449.667919167
3,146,0.7608,7.6961,2300449.651249667,2300449.667967375,2300449.676252501
3,147,0.7037,7.3426,2300449.659587459,2300449.676305001,2300449.684585834
3,148,0.7367,6.2538,2300449.667918542,2300449.684634209,2300449.692919167
3,149,0.7489,6.0350,2300449.676252084,2300449.692965000,2300449.701252501
3,150,0.7975,7.6495,2300449.684586626,2300449.701318000,2300449.709585834
3,151,0.7950,7.1923,2300449.692919167,2300449.709643167,2300449.717919167
3,152,0.7938,6.2624,2300449.701250501,2300449.717981834,2300449.726252500
3,153,0.8169,6.1205,2300449.709585084,2300449.726318084,2300449.734585834
3,154,0.7531,6.5018,2300449.717918167,2300449.734634417,2300449.742919167
3,155,0.7070,7.4664,2300449.726252709,2300449.742964459,2300449.751252500
3,156,0.7283,6.8864,2300449.734585750,2300449.751297584,2300449.759585834
3,157,0.7644,7.6892,2300449.742916792,2300449.759640709,2300449.767919167
3,158,0.7746,6.6864,2300449.751251542,2300449.767965709,2300449.776252501
3,159,0.8192,7.5768,2300449.759586042,2300449.776293209,2300449.784585834
3,160,0.7855,6.1186,2300449.767915667,2300449.784644376,2300449.792919167
3,161,0.8005,5.8828,2300449.776251792,2300449.792964459,2300449.801252501
3,162,0.7981,6.3186,2300449.784584001,2300449.801294709,2300449.809585834
3,163,0.7992,7.6612,2300449.792915501,2300449.809637584,2300449.817919167
3,164,0.7870,6.3328,2300449.801248792,2300449.817971000,2300449.826252501
3,165,0.8568,6.0289,2300449.809582084,2300449.826297542,2300449.834585834
3,166,0.7066,7.8561,2300449.817915417,2300449.834642501,2300449.842919167
3,167,0.7686,8.3283,2300449.826248625,2300449.842973000,2300449.851252500
3,168,0.6806,7.2056,2300449.834581959,2300449.851304001,2300449.859585834
3,169,0.7814,8.3980,2300449.842917042,2300449.859629542,2300449.867919167
3,170,0.7733,5.8944,2300449.851250292,2300449.867968625,2300449.876252500
3,171,0.7423,7.4404,2300449.859583917,2300449.876303000,2300449.884585834
3,172,0.6746,5.6558,2300449.867917209,2300449.884633834,2300449.892919167
3,173,0.8431,5.4720,2300449.876250584,2300449.892959834,2300449.901252501
3,174,0.7341,5.8896,2300449.884583542,2300449.901307834,2300449.909585834
3,175,0.8509,7.4174,2300449.892916709,2300449.909651084,2300449.917919167
3,176,0.8031,5.9209,2300449.901248209,2300449.917960792,2300449.926252501
3,177,0.8833,5.6916,2300449.909582792,2300449.926305667,2300449.934585834
3,178,0.7809,5.6993,2300449.917914792,2300449.934627500,2300449.942919167
3,179,0.7748,8.2225,2300449.926248084,2300449.942969000,2300449.951252501
3,180,0.7042,6.0409,2300449.934584125,2300449.951300792,2300449.959585834
3,181,0.7371,8.1616,2300449.942914667,2300449.959653875,2300449.967919167
3,182,0.7421,6.4846,2300449.951249792,2300449.967965959,2300449.976252500
3,183,0.7952,8.2213,2300449.959584209,2300449.976297709,2300449.984585834
3,184,0.7201,6.8389,2300449.967914500,2300449.984626084,2300449.992919167
3,185,0.7824,6.1094,2300449.976249876,2300449.992970459,2300450.001252500
3,186,0.7673,5.8693,2300449.984581125,2300450.001307000,2300450.009585834
3,187,0.8244,7.8252,2300449.992916625,2300450.009641209,2300450.017919167
3,188,0.8700,6.4537,2300450.001247625,2300450.017975251,2300450.026252501
3,189,0.8435,6.0404,2300450.009583292,2300450.026309584,2300450.034585834
3,190,0.8047,5.9532,2300450.017914751,2300450.034630209,2300450.042919167
3,191,0.7516,7.7077,2300450.026247584,2300450.042968917,2300450.051252501
4,32,8.2117,6.2656,2300450.309579250,2300450.318902626,2300450.326252501
4,33,8.3254,6.4095,2300450.317915334,2300450.327151584,2300450.334585834
4,34,8.2016,6.6392,2300450.326245750,2300450.335511667,2300450.342919167
4,35,8.3237,8.6518,2300450.334583417,2300450.343742250,2300450.351252500
4,36,8.2545,6.9329,2300450.342916292,2300450.352089751,2300450.359585834
4,37,8.3714,8.9993,2300450.351245625,2300450.360363542,2300450.367919167
4,38,8.2338,8.3862,2300450.359578959,2300450.368775126,2300450.376252500
4,39,8.3797,9.7816,2300450.367912209,2300450.377036292,2300450.384585834
4,40,8.2683,8.7830,2300450.376249167,2300450.385443459,2300450.392919167
4,41,8.3197,7.1299,2300450.384582834,2300450.393746084,2300450.401252501
4,42,8.2485,6.5255,2300450.392914501,2300450.402092417,2300450.409585834
4,43,8.4464,8.8760,2300450.401245376,2300450.410367000,2300450.417919167
4,44,8.2388,8.0973,2300450.409580334,2300450.418856709,2300450.426252501
4,45,8.4111,6.8769,2300450.417913959,2300450.427120459,2300450.434585834
4,46,8.1847,6.6925,2300450.426248126,2300450.435574792,2300450.442919167
4,47,8.3174,9.2858,2300450.434582542,2300450.443788625,2300450.451252501
4,48,8.3135,8.3786,2300450.442914292,2300450.452138584,2300450.459585834
4,49,8.2439,8.8434,2300450.451245042,2300450.460483292,2300450.467919167
4,50,8.3239,8.2690,2300450.459578459,2300450.468749584,2300450.476252500
4,51,8.3181,9.2310,2300450.467913709,2300450.477096876,2300450.484585834
4,52,8.3435,8.9222,2300450.476249917,2300450.485445542,2300450.492919167
4,53,8.3155,9.4358,2300450.484578209,2300450.493852917,2300450.501252500
4,54,8.2232,8.4270,2300450.492914375,2300450.502216292,2300450.509585834
4,55,8.3737,6.9000,2300450.501246292,2300450.510475792,2300450.517919167
4,56,8.2031,7.7526,2300450.509580334,2300450.518887959,2300450.526252501
4,57,8.2574,8.0855,2300450.517914625,2300450.527115792,2300450.534585834
4,58,8.2536,7.3655,2300450.526244625,2300450.535399626,2300450.542919167
4,59,8.4281,8.3778,2300450.534579792,2300450.543676417,2300450.551252501
4,60,8.2797,7.8966,2300450.542911667,2300450.552137834,2300450.559585834
4,61,8.2715,8.0315,2300450.551249584,2300450.560439542,2300450.567919167
4,62,8.2796,6.5355,2300450.559577792,2300450.568732959,2300450.576252501
4,63,8.3715,6.3152,2300450.567913542,2300450.577043042,2300450.584585834
4,64,8.3267,6.9628,2300450.576246042,2300450.585443709,2300450.592919167
4,65,8.3517,7.9401,2300450.584579292,2300450.593816042,2300450.601252500
4,66,8.2165,6.5344,2300450.592913834,2300450.602198375,2300450.609585834
4,67,8.4196,6.3678,2300450.601246667,2300450.610440667,2300450.617919167
4,68,8.1909,6.3504,2300450.609581209,2300450.618904125,2300450.626252500
4,69,8.2467,8.2563,2300450.617912667,2300450.627121584,2300450.634585834
4,70,8.2858,6.5718,2300450.626244042,2300450.635389167,2300450.642919167
4,71,8.3579,8.3461,2300450.634577417,2300450.643696917,2300450.651252501
4,72,8.2985,6.8081,2300450.642910667,2300450.652083292,2300450.659585834
4,73,8.3475,7.9738,2300450.651245334,2300450.660406709,2300450.667919167
4,74,8.2635,6.4466,2300450.659580500,2300450.668774792,2300450.676252501
4,75,8.3463,6.2282,2300450.667912500,2300450.677059834,2300450.684585834
4,76,8.2283,6.1880,2300450.676248584,2300450.685431750,2300450.692919167
4,77,8.4670,8.7667,2300450.684578459,2300450.693688125,2300450.701252501
4,78,8.2545,6.7263,2300450.692910292,2300450.702188751,2300450.709585834
4,79,8.3522,6.4235,2300450.701244792,2300450.710476834,2300450.717919167
4,80,8.2325,6.2310,2300450.709578625,2300450.718861251,2300450.726252500
4,81,8.2390,8.6049,2300450.717913376,2300450.727140125,2300450.734585834
4,82,8.2838,7.0495,2300450.726247251,2300450.735407126,2300450.742919167
4,83,8.3394,8.8389,2300450.734581001,2300450.743715667,2300450.751252500
4,84,8.2808,7.3835,2300450.742912001,2300450.752083876,2300450.759585834
4,85,8.3397,8.4029,2300450.751245792,2300450.760406667,2300450.767919167
4,86,8.2568,7.3109,2300450.759579167,2300450.768771792,2300450.776252501
4,87,8.3697,6.4012,2300450.767911334,2300450.777050334,2300450.784585834
4,88,8.2474,6.1823,2300450.776246167,2300450.785471292,2300450.792919167
4,89,8.3246,8.2455,2300450.784578542,2300450.793807209,2300450.801252501
4,90,8.2696,7.0412,2300450.792913709,2300450.802168542,2300450.809585834
4,91,8.3123,6.3796,2300450.801245084,2300450.810472250,2300450.817919167
4,92,8.3141,6.2295,2300450.809580459,2300450.818820792,2300450.826252501
4,93,8.2385,8.2299,2300450.817909584,2300450.827170209,2300450.834585834
4,94,8.2340,7.1783,2300450.826242875,2300450.835446167,2300450.842919167
4,95,8.3168,7.1655,2300450.834576209,2300450.843703709,2300450.851252500
4,96,8.3288,7.9955,2300450.842913250,2300450.852054459,2300450.859585834
4,97,8.3153,7.2796,2300450.851244626,2300450.860417542,2300450.867919167
4,98,8.2510,7.8397,2300450.859581001,2300450.868761125,2300450.876252500
4,99,8.3337,6.3864,2300450.867911500,2300450.877034667,2300450.884585834
4,100,8.3032,6.1613,2300450.876243709,2300450.885397876,2300450.892919167
4,101,8.3607,7.0026,2300450.884577792,2300450.893741292,2300450.901252501
4,102,8.3726,7.6622,2300450.892913584,2300450.902126750,2300450.909585834
4,103,8.2084,6.4713,2300450.901243876,2300450.910541250,2300450.917919167
4,104,8.3693,6.2813,2300450.909579084,2300450.918787417,2300450.926252501
4,105,8.1985,6.9680,2300450.917910584,2300450.927188834,2300450.934585834
4,106,8.2738,7.9085,2300450.926245500,2300450.935412834,2300450.942919167
4,107,8.3024,7.1550,2300450.934577334,2300450.943720875,2300450.951252501
4,108,8.3645,8.2085,2300450.942911042,2300450.952054292,2300450.959585834
4,109,8.3130,6.7946,2300450.951244792,2300450.960453417,2300450.967919167
4,110,8.2727,8.2203,2300450.959577001,2300450.968793584,2300450.976252500
4,111,8.2571,6.5683,2300450.967910667,2300450.977089542,2300450.984585834
4,112,8.4383,6.4165,2300450.976244001,2300450.985376709,2300450.992919167
4,113,8.2430,6.8426,2300450.984575334,2300450.993857000,2300451.001252500
4,114,8.4681,7.9435,2300450.992909834,2300451.002128917,2300451.009585834
4,115,8.1229,6.4174,2300451.001244084,2300451.010641292,2300451.017919167
4,116,8.3845,6.2082,2300451.009579042,2300451.018798709,2300451.026252501
4,117,8.1344,6.5032,2300451.017910917,2300451.027224292,2300451.034585834
4,118,8.2945,8.5002,2300451.026243876,2300451.035396209,2300451.042919167
4,119,8.3080,6.8306,2300451.034575000,2300451.043713917,2300451.051252501
4,120,8.3525,8.1483,2300451.042910126,2300451.052058834,2300451.059585834
4,121,8.2984,6.6709,2300451.051243626,2300451.060441917,2300451.067919167
4,122,8.2501,8.2720,2300451.059578917,2300451.068767584,2300451.076252501
4,123,8.2584,6.1996,2300451.067911584,2300451.077039084,2300451.084585834
4,124,8.4427,6.4306,2300451.076245084,2300451.085316667,2300451.092919167
4,125,8.3156,6.4839,2300451.084574792,2300451.093790459,2300451.101252500
4,126,8.4333,8.4924,2300451.092910292,2300451.102138125,2300451.109585834
4,127,8.1051,6.6610,2300451.101243334,2300451.110612875,2300451.117919167
4,128,8.4436,6.2955,2300451.109574626,2300451.118747459,2300451.126252500
4,129,8.2513,6.1459,2300451.117907917,2300451.127231375,2300451.134585834
4,130,8.1983,8.0826,2300451.126241209,2300451.135519750,2300451.142919167
4,131,8.4093,6.4597,2300451.134574500,2300451.143745667,2300451.151252501
4,132,8.2565,8.5606,2300451.142907834,2300451.152192417,2300451.159585834
4,133,8.2589,6.5029,2300451.151242084,2300451.160502834,2300451.167919167
4,134,8.2663,8.8669,2300451.159575667,2300451.168805500,2300451.176252501
4,135,8.3041,6.6566,2300451.167907667,2300451.177097709,2300451.184585834
4,136,8.3243,6.4066,2300451.176242751,2300451.185427167,2300451.192919167
4,137,8.2670,6.3081,2300451.184575417,2300451.193782834,2300451.201252501
4,138,8.3946,8.8801,2300451.192907459,2300451.202085501,2300451.209585834
4,139,8.2910,6.9921,2300451.201243709,2300451.210513751,2300451.217919167
4,140,8.2678,6.3675,2300451.209574084,2300451.218837917,2300451.226252500
4,141,8.2659,6.2150,2300451.217907292,2300451.227135126,2300451.234585834
4,142,8.3110,8.8336,2300451.226244626,2300451.235429834,2300451.242919167
4,143,8.2713,7.5855,2300451.234573917,2300451.243771500,2300451.251252500
4,144,8.2581,8.3381,2300451.242910042,2300451.252115167,2300451.259585834
4,145,8.3122,7.1912,2300451.251245042,2300451.260408292,2300451.267919167
4,146,8.2888,8.3614,2300451.259577167,2300451.268758417,2300451.276252501
4,147,8.2799,7.2007,2300451.267907042,2300451.277082625,2300451.284585834
4,148,8.3676,6.3348,2300451.276243917,2300451.285383959,2300451.292919167
4,149,8.2503,6.1285,2300451.284575042,2300451.293804084,2300451.301252501
4,150,8.3277,7.9456,2300451.292909542,2300451.302096042,2300451.309585834
4,151,8.3063,7.0634,2300451.301242501,2300451.310463792,2300451.317919167
4,152,8.2721,6.4042,2300451.309576251,2300451.318810459,2300451.326252501
4,153,8.3459,6.1463,2300451.317908584,2300451.327112292,2300451.334585834
4,154,8.2015,7.3759,2300451.326243042,2300451.335490042,2300451.342919167
4,155,8.3051,7.5050,2300451.334574625,2300451.343714084,2300451.351252500
4,156,8.2466,7.2404,2300451.342906625,2300451.352040750,2300451.359585834
4,157,8.4344,7.6689,2300451.351242042,2300451.360305834,2300451.367919167
4,158,8.2825,7.0258,2300451.359575209,2300451.368786167,2300451.376252500
4,159,8.2947,7.6750,2300451.367910334,2300451.377095751,2300451.384585834
4,160,8.2367,6.3991,2300451.376242417,2300451.385427209,2300451.392919167
4,161,8.3963,6.2205,2300451.384575375,2300451.393684917,2300451.401252501
4,162,8.3137,6.4150,2300451.392907792,2300451.402113417,2300451.409585834
4,163,8.3571,7.6340,2300451.401241917,2300451.410456459,2300451.417919167
4,164,8.1931,6.2700,2300451.409574834,2300451.418854667,2300451.426252501
4,165,8.4055,6.2491,2300451.417908417,2300451.427070334,2300451.434585834
4,166,8.2116,6.4127,2300451.426242084,2300451.435510750,2300451.442919167
4,167,8.2934,8.0083,2300451.434575917,2300451.443745417,2300451.451252501
4,168,8.2947,6.2640,2300451.442906001,2300451.452060125,2300451.459585834
4,169,8.3722,7.7741,2300451.451242250,2300451.460385584,2300451.467919167
4,170,8.2979,6.6024,2300451.459572625,2300451.468792292,2300451.476252500
4,171,8.2320,7.9980,2300451.467907792,2300451.477113959,2300451.484585834
4,172,8.3018,6.4314,2300451.476243667,2300451.485371042,2300451.492919167
4,173,8.3760,6.1201,2300451.484574250,2300451.493703167,2300451.501252500
4,174,8.2962,6.2174,2300451.492909084,2300451.502110584,2300451.509585834
4,175,8.3793,7.7665,2300451.501241500,2300451.510431584,2300451.517919167
4,176,8.2371,6.3703,2300451.509575334,2300451.518840875,2300451.526252501
4,177,8.4198,6.2078,2300451.517905584,2300451.527110667,2300451.534585834
4,178,8.3187,6.0725,2300451.526238917,2300451.535571042,2300451.542919167
4,179,8.1664,7.8893,2300451.534574959,2300451.543962000,2300451.551252501
4,180,8.2460,6.4151,2300451.542905417,2300451.552180876,2300451.559585834
4,181,8.2790,8.2919,2300451.551243876,2300451.560457125,2300451.567919167
4,182,8.2553,6.6001,2300451.559572084,2300451.568773084,2300451.576252501
4,183,8.2714,8.5211,2300451.567905292,2300451.577067126,2300451.584585834
4,184,8.3786,8.8769,2300451.576238584,2300451.585365750,2300451.592919167
4,185,8.3488,9.1284,2300451.584575709,2300451.593779501,2300451.601252500
4,186,8.2175,7.2812,2300451.592907792,2300451.602187500,2300451.609585834
4,187,8.3692,8.6234,2300451.601240667,2300451.610432625,2300451.617919167
4,188,8.1913,7.9642,2300451.609571792,2300451.618841751,2300451.626252500
4,189,8.4221,5.7508,2300451.617906251,2300451.627060417,2300451.634585834
4,190,8.2101,5.7269,2300451.626242334,2300451.635519084,2300451.642919167
4,191,8.2539,7.2108,2300451.634573542,2300451.643755501,2300451.651252501
5,32,8.2426,6.6418,2300451.951239042,2300451.960418042,2300451.967919167
5,33,8.4931,8.2541,2300451.959572542,2300451.968684584,2300451.976252500
5,34,8.1883,7.1233,2300451.967905167,2300451.977224001,2300451.984585834
5,35,8.3002,8.2953,2300451.976240209,2300451.985444417,2300451.992919167
5,36,8.2272,6.6864,2300451.984571834,2300451.993767250,2300452.001252500
5,37,8.4883,6.4622,2300451.992904959,2300452.002015209,2300452.009585834
5,38,8.2442,6.6892,2300452.001238001,2300452.010557625,2300452.017919167
5,39,8.3791,8.3048,2300452.009571792,2300452.018839917,2300452.026252501
5,40,8.1846,6.9083,2300452.017902709,2300452.027270042,2300452.034585834
5,41,8.3491,6.7369,2300452.026236625,2300452.035496042,2300452.042919167
5,42,8.2154,6.7789,2300452.034574709,2300452.043890417,2300452.051252501
5,43,8.3545,9.0621,2300452.042902584,2300452.052163001,2300452.059585834
5,44,8.2301,7.9934,2300452.051235834,2300452.060558209,2300452.067919167
5,45,8.2776,9.3375,2300452.059571959,2300452.068823751,2300452.076252501
5,46,8.2705,8.5584,2300452.067902417,2300452.077142042,2300452.084585834
5,47,8.3210,9.5578,2300452.076235709,2300452.085438625,2300452.092919167
5,48,8.1577,8.1439,2300452.084569042,2300452.093796209,2300452.101252500
5,49,8.4444,7.2981,2300452.092902292,2300452.101978417,2300452.109585834
5,50,8.2763,7.1031,2300452.101239834,2300452.110458667,2300452.117919167
5,51,8.4407,8.9288,2300452.109570542,2300452.118770584,2300452.126252500
5,52,8.1833,7.9186,2300452.117904501,2300452.127245709,2300452.134585834
5,53,8.3358,7.2103,2300452.126235417,2300452.135463334,2300452.142919167
5,54,8.2271,7.2290,2300452.134571375,2300452.143836417,2300452.151252501
5,55,8.3431,9.1549,2300452.142905084,2300452.152094375,2300452.159585834
5,56,8.3483,8.1959,2300452.151239250,2300452.160468042,2300452.167919167
5,57,8.1854,9.6665,2300452.159568584,2300452.168879959,2300452.176252501
5,58,8.2715,8.9836,2300452.167903084,2300452.177099209,2300452.184585834
5,59,8.2694,10.3915,2300452.176235125,2300452.185392792,2300452.192919167
5,60,8.4355,9.2463,2300452.184568459,2300452.193689417,2300452.201252501
5,61,8.2011,8.2695,2300452.192903501,2300452.202177626,2300452.209585834
5,62,8.5389,9.2944,2300452.201236834,2300452.210404876,2300452.217919167
5,63,8.1682,8.3849,2300452.209571959,2300452.218995584,2300452.226252500
5,64,8.3215,7.1314,2300452.217905042,2300452.227200417,2300452.234585834
5,65,8.2138,7.7600,2300452.226234876,2300452.235564584,2300452.242919167
5,66,8.2565,8.3345,2300452.234572417,2300452.243813001,2300452.251252500
5,67,8.2298,8.0052,2300452.242903209,2300452.252103667,2300452.259585834
5,68,8.4079,8.3757,2300452.251236417,2300452.260359959,2300452.267919167
5,69,8.2513,7.5157,2300452.259570250,2300452.268807709,2300452.276252501
5,70,8.3825,8.8510,2300452.267904751,2300452.277101834,2300452.284585834
5,71,8.3371,7.7653,2300452.276237750,2300452.285518292,2300452.292919167
5,72,8.2031,7.0977,2300452.284569751,2300452.293903167,2300452.301252501
5,73,8.3712,7.1401,2300452.292904542,2300452.302139917,2300452.309585834
5,74,8.1597,8.5599,2300452.301237667,2300452.310559167,2300452.317919167
5,75,8.4035,7.3208,2300452.309573126,2300452.318748876,2300452.326252501
5,76,8.2185,7.5034,2300452.317905042,2300452.327184542,2300452.334585834
5,77,8.2381,8.4182,2300452.326237917,2300452.335425209,2300452.342919167
5,78,8.2750,7.3551,2300452.334571001,2300452.343683209,2300452.351252500
5,79,8.4634,8.6508,2300452.342903542,2300452.351985209,2300452.359585834
5,80,8.2368,7.7202,2300452.351239625,2300452.360494500,2300452.367919167
5,81,8.2464,8.7472,2300452.359569084,2300452.368764667,2300452.376252500
5,82,8.2647,7.4900,2300452.367902542,2300452.377032334,2300452.384585834
5,83,8.5293,6.9016,2300452.376236917,2300452.385316376,2300452.392919167
5,84,8.1788,6.8237,2300452.384569709,2300452.393892751,2300452.401252501
5,85,8.4476,8.8490,2300452.392902792,2300452.402093667,2300452.409585834
5,86,8.1806,7.5402,2300452.401236875,2300452.410578751,2300452.417919167
5,87,8.4159,6.8482,2300452.409570626,2300452.418786959,2300452.426252501
5,88,8.3050,6.8042,2300452.417903792,2300452.427240959,2300452.434585834
5,89,8.1640,9.0164,2300452.426236667,2300452.435610584,2300452.442919167
5,90,8.2000,8.0096,2300452.434570542,2300452.443802709,2300452.451252501
5,91,8.3440,9.3572,2300452.442902792,2300452.452025501,2300452.459585834
5,92,8.3265,7.9123,2300452.451235334,2300452.460393834,2300452.467919167
5,93,8.3032,9.3756,2300452.459570000,2300452.468747834,2300452.476252500
5,94,8.3220,7.7770,2300452.467900084,2300452.477071917,2300452.484585834
5,95,8.3458,6.9986,2300452.476236209,2300452.485415834,2300452.492919167
5,96,8.2051,6.7293,2300452.484566667,2300452.493799459,2300452.501252500
5,97,8.4396,8.9336,2300452.492902292,2300452.502036084,2300452.509585834
5,98,8.2751,7.6501,2300452.501235834,2300452.510526209,2300452.517919167
5,99,8.2574,6.8537,2300452.509570167,2300452.518836292,2300452.526252501
5,100,8.3118,6.7324,2300452.517902875,2300452.527125417,2300452.534585834
5,101,8.2423,8.9122,2300452.526235167,2300452.535468709,2300452.542919167
5,102,8.2565,7.6716,2300452.534567376,2300452.543736292,2300452.551252501
5,103,8.4110,8.6903,2300452.542902667,2300452.552018084,2300452.559585834
5,104,8.3460,7.4744,2300452.551233001,2300452.560460834,2300452.567919167
5,105,8.2250,7.8520,2300452.559570459,2300452.568837834,2300452.576252501
5,106,8.2703,8.0245,2300452.567901917,2300452.577090292,2300452.584585834
5,107,8.3115,6.8515,2300452.576236584,2300452.585384750,2300452.592919167
5,108,8.3322,6.7130,2300452.584568167,2300452.593727084,2300452.601252500
5,109,8.3274,8.2273,2300452.592901667,2300452.602089042,2300452.609585834
5,110,8.4268,7.6174,2300452.601232709,2300452.610444126,2300452.617919167
5,111,8.1504,6.8466,2300452.609568626,2300452.618929292,2300452.626252500
5,112,8.3897,6.7422,2300452.617901792,2300452.627111875,2300452.634585834
5,113,8.1740,8.4418,2300452.626236251,2300452.635548250,2300452.642919167
5,114,8.2822,7.8311,2300452.634568917,2300452.643750334,2300452.651252501
5,115,8.2815,8.2331,2300452.642899167,2300452.652056459,2300452.659585834
5,116,8.4507,7.7675,2300452.651236334,2300452.660368167,2300452.667919167
5,117,8.2076,8.1810,2300452.659568792,2300452.668860792,2300452.676252501
5,118,8.2354,7.9027,2300452.667898959,2300452.677094959,2300452.684585834
5,119,8.3040,6.8678,2300452.676234542,2300452.685352751,2300452.692919167
5,120,8.4168,6.7301,2300452.684566501,2300452.693684209,2300452.701252501
5,121,8.3030,7.6766,2300452.692902251,2300452.702138001,2300452.709585834
5,122,8.3900,7.7900,2300452.701235834,2300452.710464626,2300452.717919167
5,123,8.1693,6.9893,2300452.709565501,2300452.718890667,2300452.726252500
5,124,8.4038,6.7315,2300452.717901376,2300452.727085292,2300452.734585834
5,125,8.1647,7.1352,2300452.726234709,2300452.735541375,2300452.742919167
5,126,8.2975,8.1425,2300452.734568167,2300452.743729667,2300452.751252500
5,127,8.2296,7.0479,2300452.742900667,2300452.752050209,2300452.759585834
5,128,8.4456,8.3141,2300452.751233542,2300452.760308709,2300452.767919167
5,129,8.2556,7.0837,2300452.759566084,2300452.768784209,2300452.776252501
5,130,8.2715,8.3814,2300452.767901375,2300452.777074500,2300452.784585834
5,131,8.2523,6.9666,2300452.776231709,2300452.785367334,2300452.792919167
5,132,8.4771,6.7516,2300452.784566709,2300452.793637375,2300452.801252501
5,133,8.2815,6.9040,2300452.792900459,2300452.802156667,2300452.809585834
5,134,8.3498,8.3709,2300452.801233084,2300452.810468084,2300452.817919167
5,135,8.1773,6.9095,2300452.809564834,2300452.818856959,2300452.826252501
5,136,8.4066,6.7405,2300452.817898167,2300452.827063209,2300452.834585834
5,137,8.1851,6.7796,2300452.826231417,2300452.835508125,2300452.842919167
5,138,8.2822,8.5712,2300452.834564709,2300452.843729584,2300452.851252500
5,139,8.2604,7.0776,2300452.842901584,2300452.852033584,2300452.859585834
5,140,8.4047,8.5743,2300452.851231250,2300452.860314875,2300452.867919167
5,141,8.2515,7.1811,2300452.859564500,2300452.868748542,2300452.876252500
5,142,8.3394,8.6955,2300452.867900959,2300452.877025417,2300452.884585834
5,143,8.3067,7.2754,2300452.876236375,2300452.885383626,2300452.892919167
5,144,8.3074,6.7126,2300452.884567209,2300452.893757292,2300452.901252501
5,145,8.2550,6.6746,2300452.892899584,2300452.902099126,2300452.909585834
5,146,8.4097,8.9838,2300452.901232751,2300452.910383251,2300452.917919167
5,147,8.2910,7.8154,2300452.909568667,2300452.918823959,2300452.926252501
5,148,8.3118,6.8291,2300452.917899875,2300452.927151209,2300452.934585834
5,149,8.2672,6.7175,2300452.926233042,2300452.935497875,2300452.942919167
5,150,8.2062,8.8574,2300452.934566042,2300452.943800417,2300452.951252501
5,151,8.3009,7.6242,2300452.942900834,2300452.952037209,2300452.959585834
5,152,8.4509,9.1640,2300452.951233292,2300452.960358709,2300452.967919167
5,153,8.2832,7.5181,2300452.959565792,2300452.968836292,2300452.976252500
5,154,8.2858,8.8586,2300452.967899292,2300452.977151751,2300452.984585834
5,155,8.2259,7.5945,2300452.976234375,2300452.985460292,2300452.992919167
5,156,8.3055,6.8086,2300452.984566000,2300452.993706792,2300453.001252500
5,157,8.3487,6.7225,2300452.992898459,2300453.002045084,2300453.009585834
5,158,8.3395,8.8392,2300453.001231959,2300453.010421667,2300453.017919167
5,159,8.3297,7.5505,2300453.009563667,2300453.018786667,2300453.026252501
5,160,8.3090,6.7936,2300453.017902084,2300453.027146875,2300453.034585834
5,161,8.2645,6.6536,2300453.026230250,2300453.035480501,2300453.042919167
5,162,8.3202,8.7965,2300453.034565292,2300453.043779834,2300453.051252501
5,163,8.2305,7.4796,2300453.042900167,2300453.052126876,2300453.059585834
5,164,8.2644,7.7202,2300453.051230042,2300453.060395292,2300453.067919167
5,165,8.4398,7.8688,2300453.059565500,2300453.068683667,2300453.076252501
5,166,8.2418,7.6991,2300453.067896709,2300453.077163876,2300453.084585834
5,167,8.2670,7.7502,2300453.076231667,2300453.085428584,2300453.092919167
5,168,8.3151,6.8306,2300453.084563209,2300453.093718459,2300453.101252500
5,169,8.4179,6.6514,2300453.092901959,2300453.102061459,2300453.109585834
5,170,8.2622,7.8878,2300453.101231667,2300453.110519834,2300453.117919167
5,171,8.3513,7.4884,2300453.109565125,2300453.118815876,2300453.126252500
5,172,8.2383,6.8063,2300453.117898959,2300453.127203250,2300453.134585834
5,173,8.3507,6.6595,2300453.126232542,2300453.135471250,2300453.142919167
5,174,8.2040,7.7792,2300453.134565375,2300453.143874000,2300453.151252501
5,175,8.2338,7.6182,2300453.142898459,2300453.152105626,2300453.159585834
5,176,8.3032,7.7710,2300453.151231292,2300453.160361792,2300453.167919167
5,177,8.3647,7.8616,2300453.159566001,2300453.168701001,2300453.176252501
5,178,8.3335,7.4631,2300453.167896084,2300453.177102251,2300453.184585834
5,179,8.2358,7.8805,2300453.176234542,2300453.185460334,2300453.192919167
5,180,8.2740,6.2472,2300453.184566375,2300453.193717709,2300453.201252501
5,181,8.4309,6.6453,2300453.192897542,2300453.202016125,2300453.209585834
5,182,8.3175,7.1063,2300453.201230417,2300453.210490334,2300453.217919167
5,183,8.2982,8.0370,2300453.209562542,2300453.218834334,2300453.226252500
5,184,8.2183,6.7854,2300453.217897334,2300453.227172167,2300453.234585834
5,185,8.4341,6.6560,2300453.226233834,2300453.235415167,2300453.242919167
5,186,8.1910,6.7877,2300453.234564417,2300453.243892167,2300453.251252500
5,187,8.2258,8.1815,2300453.242898959,2300453.252118042,2300453.259585834
5,188,8.2660,6.7897,2300453.251231000,2300453.260366209,2300453.267919167
5,189,8.4519,8.4476,2300453.259565667,2300453.268650459,2300453.276252501
5,190,8.2532,6.9904,2300453.267897542,2300453.277156209,2300453.284585834
5,191,8.2881,8.4275,2300453.276232251,2300453.285433126,2300453.292919167
6,32,8.1808,9.3032,2300453.592895250,2300453.602187376,2300453.609585834
6,33,8.4519,8.5745,2300453.601230959,2300453.610405792,2300453.617919167
6,34,8.1277,9.6384,2300453.609563292,2300453.618912417,2300453.626252500
6,35,8.2597,9.3645,2300453.617895501,2300453.627073084,2300453.634585834
6,36,8.2933,11.4552,2300453.626228625,2300453.635355584,2300453.642919167
6,37,8.4550,10.7019,2300453.634563000,2300453.643674125,2300453.651252501
6,38,8.2244,13.2337,2300453.642893334,2300453.652176959,2300453.659585834
6,39,8.2833,12.1232,2300453.651229167,2300453.660433625,2300453.667919167
6,40,8.2289,12.9006,2300453.659563542,2300453.668739917,2300453.676252501
6,41,8.5107,12.2576,2300453.667896667,2300453.676994959,2300453.684585834
6,42,16.6443,14.8052,2300453.676230167,2300453.685547792,2300453.692919167
6,43,8.1262,14.6223,2300453.684564459,2300453.702244292,2300453.710562917
6,44,8.4468,14.5392,2300453.692895500,2300453.710401126,2300453.717919167
6,45,8.1414,14.6574,2300453.701229959,2300453.718886251,2300453.726252500
6,46,8.3112,17.1012,2300453.717894251,2300453.727056376,2300453.734585834
6,47,8.2539,18.0837,2300453.726226167,2300453.735411209,2300453.742919167
6,48,8.4563,11.2624,2300453.734559459,2300453.743694875,2300453.751252500
6,49,16.5245,14.6142,2300453.742896250,2300453.752188209,2300453.759585834
6,50,8.2265,14.7828,2300453.751228167,2300453.768743542,2300453.777065625
6,51,8.3876,15.3304,2300453.759562500,2300453.776993501,2300453.784585834
6,52,8.3486,15.5401,2300453.767892667,2300453.785411417,2300453.792919167
6,53,8.3544,18.3465,2300453.784561500,2300453.793803792,2300453.801252501
6,54,16.5954,18.6561,2300453.792892500,2300453.802199292,2300453.809585834
6,55,8.2340,11.1928,2300453.801229292,2300453.818838250,2300453.827156126
6,56,8.3081,13.5689,2300453.809559750,2300453.827110834,2300453.834585834
6,57,8.2532,15.3554,2300453.817893959,2300453.835452792,2300453.842919167
6,58,8.3124,18.0690,2300453.834561375,2300453.843739834,2300453.851252500
6,59,16.6469,18.4777,2300453.842892667,2300453.852084125,2300453.859585834
6,60,8.2744,13.8484,2300453.851228959,2300453.868767126,2300453.877088334
6,61,8.2714,13.9881,2300453.859558792,2300453.877069084,2300453.884585834
6,62,8.3701,15.3246,2300453.867893667,2300453.885370001,2300453.892919167
6,63,8.3466,17.9823,2300453.884559959,2300453.893771750,2300453.901252501
6,64,16.6098,18.6866,2300453.892893792,2300453.902152834,2300453.909585834
6,65,8.3197,11.2810,2300453.901229376,2300453.918808459,2300453.927126459
6,66,8.2218,12.9143,2300453.909561209,2300453.927165876,2300453.934585834
6,67,8.2919,15.6248,2300453.917892876,2300453.935417667,2300453.942919167
6,68,8.2867,18.1842,2300453.934561125,2300453.943735626,2300453.951252501
6,69,16.7201,19.0916,2300453.942895376,2300453.952058542,2300453.959585834
6,70,8.1837,14.3688,2300453.951224917,2300453.968838750,2300453.977157959
6,71,8.2889,15.0511,2300453.959563042,2300453.977050917,2300453.984585834
6,72,8.3933,15.6873,2300453.967893250,2300453.985363876,2300453.992919167
6,73,8.2965,17.7860,2300453.984559334,2300453.993795417,2300454.001252500
6,74,16.6304,19.2885,2300453.992892709,2300454.002122084,2300454.009585834
6,75,8.4180,11.7844,2300454.001225001,2300454.018786584,2300454.027107584
6,76,8.1237,12.6395,2300454.009560417,2300454.027247459,2300454.034585834
6,77,8.3065,15.9652,2300454.017893209,2300454.035399667,2300454.042919167
6,78,8.2413,17.4128,2300454.034557709,2300454.043734417,2300454.051252501
6,79,16.7382,19.7106,2300454.042891084,2300454.051999126,2300454.059585834
6,80,8.2659,14.8618,2300454.051226417,2300454.068773042,2300454.077093417
6,81,8.2215,15.4006,2300454.059559834,2300454.077078292,2300454.084585834
6,82,8.4779,16.0196,2300454.067893417,2300454.085324501,2300454.092919167
6,83,8.2597,16.8485,2300454.084558917,2300454.093840584,2300454.101252500
6,84,16.5883,19.7012,2300454.092894167,2300454.102131626,2300454.109585834
6,85,8.3833,12.0698,2300454.101224042,2300454.118762459,2300454.127078251
6,86,8.1893,12.8413,2300454.109559875,2300454.127188167,2300454.134585834
6,87,8.2999,15.9409,2300454.117893125,2300454.135401792,2300454.142919167
6,88,8.2095,16.5986,2300454.134557334,2300454.143772667,2300454.151252501
6,89,8.4383,19.3260,2300454.142893251,2300454.152005792,2300454.159585834
6,90,16.5746,14.0009,2300454.151223709,2300454.160498084,2300454.167919167
6,91,8.2430,14.9813,2300454.159559876,2300454.177108167,2300454.185427626
6,92,8.3247,15.7070,2300454.167893126,2300454.185385292,2300454.192919167
6,93,8.2564,16.1493,2300454.176226292,2300454.193748001,2300454.201252501
6,94,8.4451,18.6162,2300454.192892959,2300454.202042792,2300454.209585834
6,95,16.5359,18.8748,2300454.201226959,2300454.210526917,2300454.217919167
6,96,8.3200,11.4278,2300454.209560709,2300454.227104459,2300454.235423084
6,97,8.2434,13.6069,2300454.217892334,2300454.235465792,2300454.242919167
6,98,8.2869,15.4415,2300454.226223376,2300454.243738917,2300454.251252500
6,99,8.3555,18.2044,2300454.242892167,2300454.252063542,2300454.259585834
6,100,16.6516,18.5257,2300454.251226625,2300454.260476792,2300454.267919167
6,101,8.2667,13.8303,2300454.259559500,2300454.277185875,2300454.285498084
6,102,8.2277,13.7560,2300454.267893667,2300454.285490334,2300454.292919167
6,103,8.3454,15.1529,2300454.276225001,2300454.293771625,2300454.301252501
6,104,8.3086,17.3244,2300454.292891959,2300454.302163417,2300454.309585834
6,105,8.2982,18.0180,2300454.301224209,2300454.310508667,2300454.317919167
6,106,16.6034,10.5078,2300454.309559001,2300454.318846250,2300454.326252501
6,107,8.2054,11.0957,2300454.317889500,2300454.335507209,2300454.343821042
6,108,8.2504,14.2739,2300454.326225875,2300454.343745709,2300454.351252500
6,109,8.2992,16.0274,2300454.334559001,2300454.352021376,2300454.359585834
6,110,8.5093,17.8667,2300454.351222584,2300454.360350584,2300454.367919167
6,111,16.4395,20.9595,2300454.359558167,2300454.368900917,2300454.376252500
6,112,8.2592,12.5735,2300454.367890167,2300454.385368792,2300454.393691917
6,113,8.4449,14.0868,2300454.376222417,2300454.393651334,2300454.401252501
6,114,8.2315,15.0270,2300454.384558375,2300454.402133292,2300454.409585834
6,115,8.4610,17.1239,2300454.401222751,2300454.410401500,2300454.417919167
6,116,16.5840,17.4199,2300454.409557542,2300454.418915584,2300454.426252501
6,117,8.1765,9.7459,2300454.417889834,2300454.435552417,2300454.443860751
6,118,8.2717,12.9015,2300454.426225251,2300454.443767584,2300454.451252501
6,119,8.2556,12.7716,2300454.434557834,2300454.452064375,2300454.459585834
6,120,8.4513,16.3068,2300454.451222001,2300454.460342042,2300454.467919167
6,121,8.2283,17.7755,2300454.459557709,2300454.468846834,2300454.476252500
6,122,16.5337,11.3811,2300454.467891334,2300454.477104792,2300454.484585834
6,123,8.4378,12.8773,2300454.476225709,2300454.493663625,2300454.501988292
6,124,8.2441,13.3571,2300454.484557334,2300454.502143709,2300454.509585834
6,125,8.3665,15.9587,2300454.492890834,2300454.510416042,2300454.517919167
6,126,8.2429,16.4465,2300454.509559751,2300454.518819084,2300454.526252501
6,127,8.4889,16.7627,2300454.517890042,2300454.527098042,2300454.534585834
6,128,16.4920,9.4430,2300454.526221542,2300454.535637042,2300454.542919167
6,129,8.1666,11.6467,2300454.534554875,2300454.552185542,2300454.560503000
6,130,16.6410,14.8145,2300454.542891584,2300454.560396709,2300454.567919167
6,131,8.1915,15.6891,2300454.551221459,2300454.577095876,2300454.585413751
6,132,8.3775,18.7572,2300454.567887959,2300454.585323167,2300454.592919167
6,133,8.3952,22.1949,2300454.576223084,2300454.593726376,2300454.601252500
6,134,16.5776,18.4534,2300454.592887792,2300454.602166209,2300454.609585834
6,135,8.2129,22.5366,2300454.601221084,2300454.618782125,2300454.627102500
6,136,8.4075,14.6708,2300454.609557625,2300454.627034417,2300454.634585834
6,137,8.2567,15.4319,2300454.617888959,2300454.635477917,2300454.642919167
6,138,16.5687,18.0830,2300454.634557042,2300454.643782542,2300454.651252501
6,139,8.3203,19.6743,2300454.642887542,2300454.660384584,2300454.668707042
6,140,8.2849,13.0177,2300454.651220875,2300454.668733959,2300454.676252501
6,141,8.3297,14.3906,2300454.659557417,2300454.677055709,2300454.684585834
6,142,8.2568,17.1686,2300454.676223251,2300454.685454459,2300454.692919167
6,143,8.3239,17.6453,2300454.684555750,2300454.693734042,2300454.701252501
6,144,16.6802,9.8951,2300454.692890542,2300454.702109084,2300454.709585834
6,145,8.2512,12.9877,2300454.701222459,2300454.718838209,2300454.727154667
6,146,8.3000,13.0674,2300454.709553875,2300454.727130959,2300454.734585834
6,147,8.2557,13.7341,2300454.717888834,2300454.735473709,2300454.742919167
6,148,8.3114,16.8205,2300454.734557209,2300454.743765917,2300454.751252500
6,149,16.5913,17.2976,2300454.742887001,2300454.752110834,2300454.759585834
6,150,8.4510,12.0393,2300454.751225042,2300454.768744542,2300454.777064876
6,151,8.3473,12.2603,2300454.759556251,2300454.777229667,2300454.784585834
6,152,8.0518,15.6274,2300454.767887292,2300454.785629709,2300454.792919167
6,153,8.3912,16.2561,2300454.784556334,2300454.793713251,2300454.801252501
6,154,16.6640,16.5669,2300454.792888125,2300454.802132334,2300454.809585834
6,155,8.3135,10.7104,2300454.801224334,2300454.818844167,2300454.827156917
6,156,8.1938,13.8823,2300454.809553251,2300454.827210959,2300454.834585834
6,157,8.3659,13.8732,2300454.817889126,2300454.835433667,2300454.842919167
6,158,8.2392,16.6902,2300454.834555209,2300454.843840626,2300454.851252500
6,159,8.2545,17.6274,2300454.842888209,2300454.852109501,2300454.859585834
6,160,16.6603,12.2004,2300454.851219709,2300454.860392625,2300454.867886334
6,161,8.2984,12.2067,2300454.859556376,2300454.877095042,2300454.885414876
6,162,8.2170,15.5801,2300454.867887876,2300454.885437084,2300454.892886334
6,163,8.2829,15.9683,2300454.876222126,2300454.893677751,2300454.901219667
6,164,8.4322,16.3053,2300454.892888167,2300454.901982042,2300454.909553001
6,165,8.3150,18.5580,2300454.901220834,2300454.910452959,2300454.917886334
6,166,16.6287,10.9907,2300454.909552667,2300454.918793626,2300454.926219667
6,167,8.3394,11.6101,2300454.917887751,2300454.935466667,2300454.943785251
6,168,8.1954,12.1854,2300454.926222376,2300454.943845001,2300454.951219667
6,169,8.2699,15.2896,2300454.934554334,2300454.952066709,2300454.959553001
6,170,8.2620,16.6706,2300454.951221084,2300454.960360709,2300454.967886334
6,171,8.4559,18.3381,2300454.959552376,2300454.968647292,2300454.976219667
6,172,16.5525,13.2494,2300454.967885667,2300454.977138792,2300454.984553000
6,173,8.2272,13.0507,2300454.976223667,2300454.993726292,2300455.002050750
6,174,8.4142,13.8530,2300454.984554500,2300455.001976084,2300455.009553000
6,175,8.3127,14.9735,2300454.992887876,2300455.010427667,2300455.017886334
6,176,8.3542,17.7289,2300455.009555500,2300455.018763792,2300455.026219667
6,177,16.6330,17.8864,2300455.017887459,2300455.027147917,2300455.034553001
6,178,8.2038,10.1898,2300455.026220292,2300455.043820709,2300455.052140709
6,179,8.2888,13.1839,2300455.034553917,2300455.052052625,2300455.059553001
6,180,8.2510,13.1567,2300455.042888084,2300455.060365626,2300455.067886334
6,181,8.4245,16.4932,2300455.059555251,2300455.068636876,2300455.076219667
6,182,8.2078,17.7241,2300455.067885126,2300455.077112501,2300455.084553001
6,183,8.3735,11.5388,2300455.076219959,2300455.085350500,2300455.092886334
6,184,16.5785,12.2704,2300455.084551667,2300455.093752834,2300455.101219667
6,185,8.3117,12.7680,2300455.092884917,2300455.110379251,2300455.118698584
6,186,8.3665,13.3477,2300455.101221875,2300455.118732459,2300455.126219667
6,187,8.2898,16.1304,2300455.109551584,2300455.127134959,2300455.134553000
6,188,8.2943,16.6945,2300455.126220584,2300455.135462375,2300455.142886334
6,189,16.5840,16.7767,2300455.134551376,2300455.143790876,2300455.151219667
6,190,8.2575,11.1463,2300455.142889625,2300455.160406375,2300455.168730417
6,191,8.3538,11.3565,2300455.151217917,2300455.168699459,2300455.176219667
